study,author,year,peptide,purity,pty,treatment,level,lvl,broiler,brl,sex,sx,period_starter,period_finisher,period_total,Y1PRF_STG_BW,Y2PRF_STG_ADG,Y3PRF_STG_DFI,Y4PRF_STG_FCR,Y5PRF_FNS_BW,Y6PRF_FNS_ADG,Y7PRF_FNS_DFI,Y8PRF_FNS_FCR,Y9PRF_TTL_BW,Y10PRF_TTL_ADG,Y11PRF_TTL_DFI,Y12PRF_TTL_FCR,Y13PRF_TTL_MRT,Y14PRF_TTL_FETPDS,Y15PRF_STG_PER,Y16PRF_STG_EPEF,Y17PRF_STG_EBI,Y18PRF_FNS_PER,Y19PRF_FNS_EPEF,Y20PRF_FNS_EBI,Y21PRF_EXS,Y22DIG_STG_DM,Y23DIG_STG_OM,Y24DIG_STG_CP,Y25DIG_STG_GE,Y26DIG_STG_IDE,Y27DIG_STG_AME,Y28DIG_STG_AMEN,Y29DIG_STG_STR,Y30DIG_STG_FAT,Y31DIG_STG_CAL,Y32DIG_STG_POS,Y33DIG_STG_ASH,Y34DIG_FNS_DM,Y35DIG_FNS_OM,Y36DIG_FNS_CP,Y37DIG_FNS_GE,Y38DIG_FNS_AME,Y39DIG_FNS_IDE,Y40DIG_FNS_FAT,Y41CRC_TTL,Y42CRC_BRS,Y43CRC_LEG,Y44CRC_FPD,Y45CRC_PRV,Y46CRC_GIZ,Y47CRC_LVR,Y48CRC_SPL,Y49CRC_PNCR,Y50CRC_BRA,Y51SER_STG_TLPr,Y52SER_STG_ALB,Y53SER_STG_GLB,Y54SER_STG_ALB__GLB,Y55SER_STG_CLS,Y56SER_STG_TLP,Y57SER_STG_TAG,Y58SER_STG_CRT,Y59SER_STG_URC,Y60SER_FNS_TLPr,Y61SER_FNS_ALB,Y62SER_FNS_GLB,Y63SER_FNS_ALB__GLB,Y64SER_FNS_CLS,Y65SER_FNS_TLP,Y66SER_FNS_TAG,Y67SER_FNS_CRT,Y68SER_FNS_URC,Y69BAC_STG_ILL_CLF,Y70BAC_STG_ILL_CLS,Y71BAC_STG_ILL_ECO,Y72BAC_STG_ILL_LAB,Y73BAC_STG_ILL_TAB,Y74BAC_STG_CEC_CLF,Y75BAC_STG_CEC_CLS,Y76BAC_STG_CEC_ECO,Y77BAC_STG_CEC_LAB,Y78BAC_STG_CEC_TAB,Y79BAC_STG_EXC_CLF,Y80BAC_STG_EXC_CLS,Y81BAC_STG_EXC_TAB,Y82BAC_FNS_ILL_CLF,Y83BAC_FNS_ILL_CLS,Y84BAC_FNS_ILL_ECO,Y85BAC_FNS_ILL_LAB,Y86BAC_FNS_ILL_TAB,Y87BAC_FNS_CEC_CLF,Y88BAC_FNS_CEC_CLS,Y89BAC_FNS_CEC_ECO,Y90BAC_FNS_CEC_LAB,Y91BAC_FNS_CEC_TAB,Y92BAC_FNS_EXC_CLF,Y93BAC_FNS_EXC_CLS,Y94BAC_FNS_EXC_TAB,Y95MOR_MCS_DUO,Y96MOR_MCS_JEJ,Y97MOR_MCS_ILL,Y98MOR_VHI_DUO,Y99MOR_VHI_JEJ,Y100MOR_VHI_ILL,Y101MOR_CRD_DUO,Y102MOR_CRD_JEJ,Y103MOR_CRD_ILL,Y104MOR_VHI_CRD_DUO,Y105MOR_VHI_CRD_JEJ,Y106MOR_VHI_CRD_ILL,Y107MOR_GLB_DUO,Y108MOR_GLB_JEJ,Y109MOR_GLB_ILL,Y110MOR_PH_CRP,Y111MOR_PH_ILL,Y112MOR_PH_CEC,Y113IMN_STG_IGA,Y114IMN_STG_IGM,Y115IMN_STG_IGG,Y116IMN_STG_C3,Y117IMN_STG_C4,Y118IMN_FNS_IGA,Y119IMN_FNS_IGM,Y120IMN_FNS_IGG,Y121IMN_FNS_C3,Y122IMN_FNS_C4,Y123ANT_STG_HI,Y124ANT_STG_STG,Y125ANT_FNS_HI,Y126ANT_FNS_ANA,Y127ORM_STG_BIX,Y128ORM_STG_SIX,Y129ORM_STG_TIX,Y130ORM_FNS_BIX,Y131ORM_FNS_SIX,Y132ORM_FNS_TIX,Y133OKS_STG_ALT,Y134OKS_STG_AST,Y135OKS_STG_GSH,Y136OKS_STG_GTR,Y137OKS_STG_MDA,Y138OKS_STG_TAOC,Y139OKS_STG_TSOD,Y140OKS_FNS_ALT,Y141OKS_FNS_AST,Y142OKS_FNS_GSH,Y143OKS_FNS_LYS,Y144OKS_FNS_GTR,Y145OKS_FNS_MDA,Y146OKS_FNS_TAOC,Y147OKS_FNS_TSOD,Y148OKS_FNS_SOD,Y149EZN_STG_AML,Y150EZN_STG_CHY,Y151EZN_STG_LPS,Y152EZN_STG_TRP,Y153EZN_FNS_AML,Y154EZN_FNS_CHY,Y155EZN_FNS_LPS,Y156EZN_FNS_TRP
1,Bao_et_al.,2009,control,control,4,control,0,0,Arbor_Acres,1,male,1,1-21,22-42,1-42,700.0000,28.3200,41.2300,1.4600,"1,625.8500",44.0900,132.4500,3.0000,"1,625.8500",37.0900,87.1100,2.3500,,,,,,,,,,,,,,,,,,,,,,,,,,,,,,,,,,,,,,,,,,,,,,,,,,,,,,,,,,,,,,,,,,,,,,,,,,,,,,,,,,,619.7500,421.6200,,526.0100,357.6300,,,,,,,,,,,,,,,,,,,,,,,,,,,,,,,,,,,,,,,,,,,,,,,,,,,,,,,,,
1,Bao_et_al.,2009,pig_antimikrobial-peptida,purified_peptide,4,feed,150,0.015,Arbor_Acres,1,male,1,1-21,22-42,1-42,843.3300,35.3000,41.1100,1.1600,"1,912.3300",50.9000,133.8900,2.6300,"1,912.3300",44.1500,88.6200,2.0100,,,,,,,,,,,,,,,,,,,,,,,,,,,,,,,,,,,,,,,,,,,,,,,,,,,,,,,,,,,,,,,,,,,,,,,,,,,,,,,,,,,753.6300,588.9600,,672.4300,510.3100,,,,,,,,,,,,,,,,,,,,,,,,,,,,,,,,,,,,,,,,,,,,,,,,,,,,,,,,,
1,Bao_et_al.,2009,pig_antimikrobial-peptida,crude_peptide,3,feed,200,0.02,Arbor_Acres,1,male,1,1-21,22-42,1-42,868.3200,36.4800,41.2900,1.1300,"1,924.1800",50.2800,133.1200,2.6500,"1,924.1800",44.4400,88.3400,1.9900,,,,,,,,,,,,,,,,,,,,,,,,,,,,,,,,,,,,,,,,,,,,,,,,,,,,,,,,,,,,,,,,,,,,,,,,,,,,,,,,,,,735.4900,472.0100,,650.2400,412.6500,,,,,,,,,,,,,,,,,,,,,,,,,,,,,,,,,,,,,,,,,,,,,,,,,,,,,,,,,
2,Bao_et_al.,2009,control,control,4,control,0,0,Arbor_Acres,1,male,1,1-21,22-42,1-42,700.0000,28.3200,41.2300,1.4600,"1,625.8500",44.0900,132.4500,3.0000,"1,625.8500",37.0900,87.1100,2.3500,,,,,,,,,,,,,,,,,,,,,,,,,,,,,,,,,,,,,,,,,,,,,,,,,,,,,,,,,,,,,,,,,,,,,,,,,,,,,,,,,,,619.7500,421.6200,,526.0100,357.6300,,,,,,,,,,,,,,,,,,,,,,,,,,,,,,,,,,,,,,,,,,,,,,,,,,,,,,,,,
2,Bao_et_al.,2009,pig_antimikrobial-peptida,purified_peptide,4,water,20,0.002,Arbor_Acres,1,male,1,1-21,22-42,1-42,892.5200,37.7100,41.4200,1.1000,"1,924.8300",49.1600,133.2900,2.7100,"1,924.8300",44.4900,88.4600,1.9900,,,,,,,,,,,,,,,,,,,,,,,,,,,,,,,,,,,,,,,,,,,,,,,,,,,,,,,,,,,,,,,,,,,,,,,,,,,,,,,,,,,842.7400,548.4900,,737.6100,483.3800,,,,,,,,,,,,,,,,,,,,,,,,,,,,,,,,,,,,,,,,,,,,,,,,,,,,,,,,,
2,Bao_et_al.,2009,pig_antimikrobial-peptida,purified_peptide,4,water,30,0.003,Arbor_Acres,1,male,1,1-21,22-42,1-42,869.4700,36.5700,41.3900,1.1300,"1,923.6300",50.2000,133.5600,2.6600,"1,923.6300",44.4400,88.5900,1.9900,,,,,,,,,,,,,,,,,,,,,,,,,,,,,,,,,,,,,,,,,,,,,,,,,,,,,,,,,,,,,,,,,,,,,,,,,,,,,,,,,,,787.1800,576.4800,,716.9700,515.4600,,,,,,,,,,,,,,,,,,,,,,,,,,,,,,,,,,,,,,,,,,,,,,,,,,,,,,,,,
3,Ohh_et_al.,2009,control,control,4,control,0,0,ROSS_308,2,male,1,1-21,22-42,1-42,696.0000,31.0500,50.1900,1.6200,"2,097.0000",66.7100,134.3300,2.0100,"2,097.0000",48.8800,92.2600,1.8900,,,,,,,,,,75.0900,,62.2200,,,,,,,,,,75.4400,,62.0400,,,,,,,,,,,,,,,,,,,,,,,,,,,,,,,,,,,,,,5.3800,,,,8.2000,5.2900,,8.2600,,,,,,,,,,,5.2900,,8.3300,,,,,,,,,,,,,,,,,,,,,,,,,,,,,,,,,,,,,,,,,,,,,,,,,,,,,,,,,,,,,,
3,Ohh_et_al.,2009,potato_protein,crude_peptide,3,feed,2500,0.25,ROSS_308,2,male,1,1-21,22-42,1-42,690.0000,30.7600,49.2900,1.6000,"2,106.0000",67.4300,134.1000,1.9900,"2,106.0000",49.1000,91.6900,1.8700,,,,,,,,,,76.5900,,63.2600,,,,,,,,,,76.2800,,63.0600,,,,,,,,,,,,,,,,,,,,,,,,,,,,,,,,,,,,,,5.3400,,,,8.1900,5.2300,,8.2200,,,,,,,,,,,5.2000,,8.3000,,,,,,,,,,,,,,,,,,,,,,,,,,,,,,,,,,,,,,,,,,,,,,,,,,,,,,,,,,,,,,
3,Ohh_et_al.,2009,potato_protein,crude_peptide,3,feed,5000,0.5,ROSS_308,2,male,1,1-21,22-42,1-42,747.0000,33.4800,53.2900,1.5900,"2,150.0000",66.8100,132.0500,1.9800,"2,150.0000",50.1400,92.6900,1.8500,,,,,,,,,,77.0600,,64.4600,,,,,,,,,,76.6000,,62.8000,,,,,,,,,,,,,,,,,,,,,,,,,,,,,,,,,,,,,,5.4100,,,,8.1100,5.0600,,8.1700,,,,,,,,,,,5.2300,,8.3200,,,,,,,,,,,,,,,,,,,,,,,,,,,,,,,,,,,,,,,,,,,,,,,,,,,,,,,,,,,,,,
3,Ohh_et_al.,2009,potato_protein,crude_peptide,3,feed,7500,0.75,ROSS_308,2,male,1,1-21,22-42,1-42,752.0000,33.7100,52.8100,1.5700,"2,231.0000",70.4300,137.1400,1.9500,"2,231.0000",52.0500,94.9800,1.8200,,,,,,,,,,78.0400,,65.1800,,,,,,,,,,77.0100,,64.7700,,,,,,,,,,,,,,,,,,,,,,,,,,,,,,,,,,,,,,5.1700,,,,7.9600,5.1300,,8.1800,,,,,,,,,,,5.1600,,8.1900,,,,,,,,,,,,,,,,,,,,,,,,,,,,,,,,,,,,,,,,,,,,,,,,,,,,,,,,,,,,,,
4,Ohh_et_al.,2009,control,control,4,control,0,0,ROSS_308,2,male,1,1-21,22-42,1-42,599.0000,26.4286,43.4286,1.6500,"1,945.0000",64.0952,129.9524,2.0300,"1,945.0000",45.2381,86.6905,1.9200,,,,,,,,,,77.2600,,71.0800,,,,,,,,,,76.8600,,68.4600,,,,,,,,,,,,,,,,,,,,,,,,,,,,,,,,,,,,,,,,,,,,,8.1600,5.2600,,,,,4.3400,,,,8.3100,5.0200,,8.1900,,,,,,,,,,,,,,,,,,,,,,,,,,,,,,,,,,,,,,,,,,,,,,,,,,,,,,,,,,,,,,
4,Ohh_et_al.,2009,refined_potato_protein,crude_peptide,3,feed,200,0.02,ROSS_308,2,male,1,1-21,22-42,1-42,603.0000,26.6190,43.6667,1.6400,"1,973.0000",65.2381,130.8571,2.0100,"1,973.0000",45.9286,87.2857,1.9000,,,,,,,,,,78.3400,,67.1200,,,,,,,,,,77.9000,,68.7400,,,,,,,,,,,,,,,,,,,,,,,,,,,,,,,,,,,,,,,,,,,,,8.1600,5.2600,,,,,4.3000,,,,8.2300,4.7800,,8.1800,,,,,,,,,,,,,,,,,,,,,,,,,,,,,,,,,,,,,,,,,,,,,,,,,,,,,,,,,,,,,,
4,Ohh_et_al.,2009,refined_potato_protein,crude_peptide,3,feed,400,0.04,ROSS_308,2,male,1,1-21,22-42,1-42,614.0000,27.1429,44.8571,1.6500,"1,954.0000",63.8095,130.8095,2.0500,"1,954.0000",45.4762,87.8333,1.9300,,,,,,,,,,77.3100,,71.1700,,,,,,,,,,76.7300,,68.3500,,,,,,,,,,,,,,,,,,,,,,,,,,,,,,,,,,,,,,,,,,,,,8.1500,5.1800,,,,,4.2100,,,,8.1900,4.7100,,8.1400,,,,,,,,,,,,,,,,,,,,,,,,,,,,,,,,,,,,,,,,,,,,,,,,,,,,,,,,,,,,,,
4,Ohh_et_al.,2009,refined_potato_protein,crude_peptide,3,feed,600,0.06,ROSS_308,2,male,1,1-21,22-42,1-42,622.0000,27.5238,44.6190,1.6200,"1,957.0000",63.5714,126.6190,1.9900,"1,957.0000",45.5476,85.6190,1.8800,,,,,,,,,,77.5500,,67.7300,,,,,,,,,,76.5400,,66.5400,,,,,,,,,,,,,,,,,,,,,,,,,,,,,,,,,,,,,,,,,,,,,8.1000,5.1200,,,,,4.1900,,,,8.1800,4.7000,,8.1300,,,,,,,,,,,,,,,,,,,,,,,,,,,,,,,,,,,,,,,,,,,,,,,,,,,,,,,,,,,,,,
5,Choi_et_al.,2013,control,control,4,control,0,0,ROSS_308,2,unknown,3,1-21,22-35,1-35,737.0000,33.0000,53.0500,1.6100,"1,814.0000",76.9300,143.7900,1.8700,"1,814.0000",50.5400,89.4600,1.7700,,,,,,,,,,74.4900,,65.9500,75.4100,,,,,,,,,71.8700,,64.8100,73.5500,,,,,,,,,,,,,,,,,,,,,,,,,,,,,,,,6.4100,7.2300,,,8.2100,6.4500,7.2700,,,8.3700,6.6100,7.3400,8.3600,,,,,,,,,,,6.5100,7.3100,8.4200,,,,"1,630.0000","1,117.0000",509.0000,448.0000,364.0000,233.0000,3.6384,3.0687,2.1845,,,,,,,,,,,,,,,,,,,,,,,,,,,,,,,,,,,,,,,,,,,,,,,,,,
5,Choi_et_al.,2013,antimicrobial_peptide_A3,purified_peptide,4,feed,60,0.006,ROSS_308,2,unknown,3,1-21,22-35,1-35,747.9200,33.5200,53.4800,1.6000,"1,835.9200",77.7100,143.7700,1.8500,"1,835.9200",51.2000,89.6000,1.7500,,,,,,,,,,75.3800,,66.3500,76.7300,,,,,,,,,72.5100,,65.5800,74.1500,,,,,,,,,,,,,,,,,,,,,,,,,,,,,,,,6.2800,7.1000,,,8.1600,6.3300,7.1400,,,8.2300,6.5400,7.2400,8.3100,,,,,,,,,,,6.3600,7.1900,8.2700,,,,"1,656.0000","1,137.0000",550.0000,487.0000,375.0000,225.0000,3.4004,3.0320,2.4444,,,,,,,,,,,,,,,,,,,,,,,,,,,,,,,,,,,,,,,,,,,,,,,,,,
5,Choi_et_al.,2013,antimicrobial_peptide_A3,purified_peptide,4,feed,90,0.009,ROSS_308,2,unknown,3,1-21,22-35,1-35,765.9800,34.3800,54.1000,1.5700,"1,886.9800",80.0700,146.5300,1.8300,"1,886.9800",52.6600,91.1000,1.7300,,,,,,,,,,77.1000,,68.1800,77.6500,,,,,,,,,72.8100,,68.1000,74.3700,,,,,,,,,,,,,,,,,,,,,,,,,,,,,,,,6.1300,7.0800,,,8.1500,6.1900,7.1200,,,8.1700,6.4500,7.1800,8.2400,,,,,,,,,,,6.2400,7.1500,8.2100,,,,"1,696.0000","1,183.0000",594.0000,473.0000,350.0000,227.0000,3.5856,3.3800,2.6167,,,,,,,,,,,,,,,,,,,,,,,,,,,,,,,,,,,,,,,,,,,,,,,,,,
6,Choi_et_al.,2013,control,control,4,control,0,0,ROSS_308,2,unknown,3,1-21,22-35,1-35,803.9900,36.1900,55.9500,1.5500,"1,914.9900",79.3600,153.1600,1.9300,"1,914.9900",52.1700,94.9500,1.8200,,,,,,,,,,77.8100,,68.3800,,,,,,,,,,76.0400,,66.1100,,,,,,,,,,,,,,,,,,,,,,,,,,,,,,,,,4.6900,7.1500,,,8.5300,4.7800,7.2300,,,8.6400,6.8700,7.4900,8.7400,,,,,,,,,,,6.8100,7.4400,8.7000,,,,"1,746.0000","1,060.0000",515.0000,661.0000,447.0000,249.0000,2.6415,2.3714,2.0683,,,,,,,,,,,,,,,,,,,,,,,,,,,,,,,,,,,,,,,,,,,,,,,,,,
6,Choi_et_al.,2013,antimicrobial_peptide_P5,purified_peptide,4,feed,40,0.004,ROSS_308,2,unknown,3,1-21,22-35,1-35,821.0000,37.0000,56.5200,1.5300,"1,983.0000",83.0000,156.0400,1.8800,"1,983.0000",54.0900,96.2700,1.7800,,,,,,,,,,78.7300,,69.2700,,,,,,,,,,76.7500,,67.0600,,,,,,,,,,,,,,,,,,,,,,,,,,,,,,,,,4.4200,7.1000,,,8.4800,4.4900,7.1200,,,8.4900,6.7900,7.4100,8.6100,,,,,,,,,,,6.6200,7.3500,8.5300,,,,"1,863.0000","1,120.0000",547.0000,639.0000,434.0000,234.0000,2.9155,2.5806,2.3376,,,,,,,,,,,,,,,,,,,,,,,,,,,,,,,,,,,,,,,,,,,,,,,,,,
6,Choi_et_al.,2013,antimicrobial_peptide_P5,purified_peptide,4,feed,60,0.006,ROSS_308,2,unknown,3,1-21,22-35,1-35,836.9600,37.7600,56.7100,1.5000,"2,043.9600",86.2100,158.6300,1.8400,"2,043.9600",55.8600,97.1900,1.7400,,,,,,,,,,79.8000,,70.4200,,,,,,,,,,77.9700,,68.7300,,,,,,,,,,,,,,,,,,,,,,,,,,,,,,,,,4.3400,7.0300,,,8.3000,4.4200,7.0900,,,8.3900,6.6100,7.3900,8.5400,,,,,,,,,,,6.4700,7.2500,8.4600,,,,"1,897.0000","1,185.0000",572.0000,628.0000,412.0000,214.0000,3.0207,2.8762,2.6729,,,,,,,,,,,,,,,,,,,,,,,,,,,,,,,,,,,,,,,,,,,,,,,,,,
7,Abdel-Latif_et_al.,2017,control,control,4,control,0,0,ROSS_308,2,unknown,3,1-21,22-35,1-35,774.3300,34.9100,48.7300,1.4100,"1,771.2200",71.2100,129.5600,1.8200,"1,771.2200",49.4300,81.0600,1.6400,,,3.1200,261.3900,256.0900,2.9700,288.0500,281.6300,,,,,,,,,,,,,,,,,,,,,,,,,,,,,,,4.4600,3.5700,0.8900,4.0112,106.9600,,135.7900,0.3300,9.2900,5.2200,3.6100,1.6100,2.2422,108.2200,,133.5600,0.5100,8.3700,,,,,,,,,,,7.0000,6.9000,5.2000,,,,,,,,,,,7.1000,8.5000,6.4000,,,,,,602.0000,,,86.0000,,,7.0000,,,,,,,,,,,,,,,,,,,,,,,,,,,19.1000,200.7800,,,,,,17.2700,207.3300,,,,,,,,,,,,,,,
7,Abdel-Latif_et_al.,2017,lysozyme,purified_peptide,4,feed,70,0.007,ROSS_308,2,unknown,3,1-21,22-35,1-35,818.5000,37.0400,48.7800,1.3300,"1,823.9100",71.8200,128.0800,1.7800,"1,823.9100",50.9500,80.5000,1.5800,,,3.3000,293.0600,282.1800,3.0700,330.1800,322.8300,,,,,,,,,,,,,,,,,,,,,,,,,,,,,,,5.1300,3.6200,1.5100,2.3974,113.0300,,137.2300,0.3300,9.2800,5.7000,3.7300,1.9700,1.8934,129.9300,,130.4100,0.4800,6.6000,,,,,,,,,,,5.5000,6.0000,5.4000,,,,,,,,,,,6.7000,8.3000,6.3000,,,,,,730.0000,,,132.0000,,,5.5303,,,,,,,,,,,,,,,,,,,,,,,,,,,18.5200,209.0000,,,,,,16.7100,208.7700,,,,,,,,,,,,,,,
7,Abdel-Latif_et_al.,2017,lysozyme,purified_peptide,4,feed,90,0.009,ROSS_308,2,unknown,3,1-21,22-35,1-35,813.6600,36.7500,48.4200,1.3300,"1,871.8400",75.5800,128.6600,1.7000,"1,871.8400",52.2800,80.5200,1.5400,,,3.3000,291.6000,303.5900,3.1500,347.5800,339.8700,,,,,,,,,,,,,,,,,,,,,,,,,,,,,,,4.4000,3.1400,1.2600,2.4921,88.8300,,132.8400,0.3600,6.7400,5.3900,3.2900,2.1000,1.5667,113.5800,,130.0100,0.4600,6.1200,,,,,,,,,,,5.5000,5.9000,5.9000,,,,,,,,,,,6.3000,8.0000,6.6000,,,,,,"1,030.0000",,,169.0000,,,6.0947,,,,,,,,,,,,,,,,,,,,,,,,,,,22.5000,206.3300,,,,,,13.9000,204.1800,,,,,,,,,,,,,,,
7,Abdel-Latif_et_al.,2017,lysozyme,purified_peptide,4,feed,120,0.012,ROSS_308,2,unknown,3,1-21,22-35,1-35,814.5000,36.8300,49.1200,1.3500,"1,828.1400",72.4000,129.2800,1.7900,"1,828.1400",51.0600,81.1800,1.5900,,,3.2600,283.1600,308.1000,3.0500,329.0100,321.6300,,,,,,,,,,,,,,,,,,,,,,,,,,,,,,,4.9800,3.2700,1.7100,1.9123,118.3400,,136.2200,0.3400,5.6200,6.7700,3.8200,2.6900,1.4201,145.4100,,139.3200,0.4900,6.3500,,,,,,,,,,,7.3000,6.3000,4.4000,,,,,,,,,,,7.9000,8.4000,5.4000,,,,,,624.0000,,,116.0000,,,5.3793,,,,,,,,,,,,,,,,,,,,,,,,,,,22.2600,208.9300,,,,,,16.3200,206.6600,,,,,,,,,,,,,,,
8,Abdollahi_et_al.,2017,control,control,4,control,0,0,ROSS_308,2,male,1,1-21,unknown,1-21,"1,016.0000",46.2900,60.1400,1.3000,,,,,"1,016.0000",46.2900,60.1400,1.3000,,,,,,,,,3.8000,61.1000,,71.6000,67.3000,,,,94.4000,91.0000,25.8000,39.7000,36.9000,,,,,,,,,,,,0.6500,1.1400,3.0900,0.0770,0.2600,0.1850,,,,,,,,,,,,,,,,,,,,,,,,,,,,,,,,,,,,,,,,,,,,,32.9000,23.4000,,"1,786.0000","1,083.0000",,167.0000,128.0000,,10.6946,8.4609,,,,,,,,,,,,,,,,,,,,,,,,,,,,,,,,,,,,,,,,,,,,,,,,,,,
8,Abdollahi_et_al.,2017,soybean_bioactive_peptide,crude_peptide,3,feed,1000,0.1,ROSS_308,2,male,1,1-21,unknown,1-21,"1,034.0000",47.1400,60.6700,1.2900,,,,,"1,034.0000",47.1400,60.6700,1.2900,,,,,,,,,3.8000,64.1000,,76.0000,70.4000,,,,95.2000,90.9000,25.1000,40.3000,39.1000,,,,,,,,,,,,0.5000,0.9900,3.0300,0.0860,0.2800,0.1970,,,,,,,,,,,,,,,,,,,,,,,,,,,,,,,,,,,,,,,,,,,,,31.2000,23.3000,,"1,930.0000","1,052.0000",,171.0000,132.0000,,11.2865,7.9697,,,,,,,,,,,,,,,,,,,,,,,,,,,,,,,,,,,,,,,,,,,,,,,,,,,
8,Abdollahi_et_al.,2017,soybean_bioactive_peptide,crude_peptide,3,feed,2000,0.2,ROSS_308,2,male,1,1-21,unknown,1-21,"1,037.0000",47.2900,60.4300,1.2800,,,,,"1,037.0000",47.2900,60.4300,1.2800,,,,,,,,,4.1000,63.9000,,75.9000,70.4000,,,,95.3000,91.6000,29.6000,41.8000,40.9000,,,,,,,,,,,,0.5900,1.0600,3.0100,0.0920,0.2900,0.1950,,,,,,,,,,,,,,,,,,,,,,,,,,,,,,,,,,,,,,,,,,,,,31.5000,24.5000,,"1,870.0000","1,102.0000",,164.0000,125.0000,,11.4024,8.8160,,,,,,,,,,,,,,,,,,,,,,,,,,,,,,,,,,,,,,,,,,,,,,,,,,,
8,Abdollahi_et_al.,2017,soybean_bioactive_peptide,crude_peptide,3,feed,3000,0.3,ROSS_308,2,male,1,1-21,unknown,1-21,"1,026.0000",46.7600,60.5200,1.3000,,,,,"1,026.0000",46.7600,60.5200,1.3000,,,,,,,,,4.1000,64.4000,,74.9000,70.2000,,,,95.2000,90.3000,34.4000,41.4000,40.5000,,,,,,,,,,,,0.5800,1.0700,3.0100,0.0840,0.2700,0.1830,,,,,,,,,,,,,,,,,,,,,,,,,,,,,,,,,,,,,,,,,,,,,31.7000,24.5000,,"1,999.0000","1,091.0000",,177.0000,125.0000,,11.2938,8.7280,,,,,,,,,,,,,,,,,,,,,,,,,,,,,,,,,,,,,,,,,,,,,,,,,,,
8,Abdollahi_et_al.,2017,soybean_bioactive_peptide,crude_peptide,3,feed,4000,0.4,ROSS_308,2,male,1,1-21,unknown,1-21,"1,011.0000",46.0500,59.1000,1.2800,,,,,"1,011.0000",46.0500,59.1000,1.2800,,,,,,,,,3.9000,65.2000,,76.8000,71.3000,,,,95.0000,90.6000,28.9000,43.3000,42.1000,,,,,,,,,,,,0.6500,1.0800,2.8600,0.0810,0.2700,0.1990,,,,,,,,,,,,,,,,,,,,,,,,,,,,,,,,,,,,,,,,,,,,,33.7000,24.4000,,"1,859.0000","1,111.0000",,174.0000,133.0000,,10.6839,8.3534,,,,,,,,,,,,,,,,,,,,,,,,,,,,,,,,,,,,,,,,,,,,,,,,,,,
8,Abdollahi_et_al.,2017,soybean_bioactive_peptide,crude_peptide,3,feed,5000,0.5,ROSS_308,2,male,1,1-21,unknown,1-21,"1,041.0000",47.4800,59.8600,1.2600,,,,,"1,041.0000",47.4800,59.8600,1.2600,,,,,,,,,4.0000,65.4000,,76.9000,71.4000,,,,95.1000,91.6000,32.9000,41.4000,41.8000,,,,,,,,,,,,0.4800,0.9900,3.2900,0.0820,0.2600,0.1890,,,,,,,,,,,,,,,,,,,,,,,,,,,,,,,,,,,,,,,,,,,,,33.1000,23.8000,,"1,845.0000","1,144.0000",,178.0000,135.0000,,10.3652,8.4741,,,,,,,,,,,,,,,,,,,,,,,,,,,,,,,,,,,,,,,,,,,,,,,,,,,
8,Abdollahi_et_al.,2017,soybean_bioactive_peptide,crude_peptide,3,feed,6000,0.6,ROSS_308,2,male,1,1-21,unknown,1-21,"1,031.0000",47.0000,58.5700,1.2500,,,,,"1,031.0000",47.0000,58.5700,1.2500,,,,,,,,,3.8000,64.4000,,76.2000,70.4000,,,,94.9000,89.3000,29.7000,40.0000,38.9000,,,,,,,,,,,,0.5000,1.0100,2.9300,0.0810,0.3100,0.1980,,,,,,,,,,,,,,,,,,,,,,,,,,,,,,,,,,,,,,,,,,,,,29.1000,22.6000,,"1,986.0000","1,126.0000",,177.0000,140.0000,,11.2203,8.0429,,,,,,,,,,,,,,,,,,,,,,,,,,,,,,,,,,,,,,,,,,,,,,,,,,,
9,Ma_et_al.,2019,control,control,4,control,0,0,Arbor_Acres,1,male,1,1-21,22-42,1-42,704.9500,31.4600,51.3800,1.6300,"2,109.0100",66.8600,135.8100,2.0300,"2,109.0100",49.6000,94.3400,1.9000,,,,,,,,,,,,,,,,,,,,,,,,,,,,,,,,,,,,,,,,,,,,,,,,,,,,,,,,,,,,,6.6900,,,6.1600,,6.9600,,,,,,,,6.3800,,,5.8400,,6.8900,,,,,,,"1,298.5700",,,161.6900,,,8.0312,,,,,,,,,1.0140,0.7980,7.8850,1.4710,0.2010,1.0820,0.6450,7.9610,1.6410,0.1980,,,,,,,,,,,,,5.6900,5.0800,1.6600,2.5400,60.8700,,,6.8200,,5.9000,1.1300,1.1500,71.1600,,1.3700,6.7600,267.8900,"2,256.7000",1.1400,6.3600,248.6100,"2,305.4000"
9,Ma_et_al.,2019,plectasin,purified_peptide,4,feed,100,0.01,Arbor_Acres,1,male,1,1-21,22-42,1-42,717.9700,32.0800,46.7000,1.4400,"2,245.5100",72.7400,130.5400,1.7900,"2,245.5100",52.9300,89.3300,1.6900,,,,,,,,,,,,,,,,,,,,,,,,,,,,,,,,,,,,,,,,,,,,,,,,,,,,,,,,,,,,,6.3000,,,6.1500,,6.5200,,,,,,,,6.1300,,,5.7700,,6.8500,,,,,,,"1,395.2600",,,115.8300,,,12.0458,,,,,,,,,1.1530,0.8690,8.1840,1.6770,0.2260,1.1840,0.8610,9.9110,1.8650,0.2310,,,,,,,,,,,,,6.0500,5.0600,1.1400,2.3500,65.9700,,,6.3400,,5.5900,1.0800,1.2400,75.1700,,1.4500,7.4200,298.3500,"2,416.7000",1.2100,6.7200,271.4100,"2,707.0000"
9,Ma_et_al.,2019,plectasin,purified_peptide,4,feed,200,0.02,Arbor_Acres,1,male,1,1-21,22-42,1-42,709.9900,31.7000,45.6400,1.4400,"2,352.4000",78.2100,139.1000,1.7800,"2,352.4000",55.8200,93.3500,1.6700,,,,,,,,,,,,,,,,,,,,,,,,,,,,,,,,,,,,,,,,,,,,,,,,,,,,,,,,,,,,,5.5200,,,6.0800,,6.5800,,,,,,,,5.9700,,,5.7200,,6.5400,,,,,,,"1,559.0200",,,116.1300,,,13.4248,,,,,,,,,1.0590,0.8690,8.4510,1.7050,0.2260,1.1170,0.9380,9.5150,1.6750,0.2290,,,,,,,,,,,,,5.9300,4.6600,0.9600,2.5000,62.4400,,,6.4700,,5.6600,1.1100,1.3400,77.3400,,1.4700,7.7100,296.3600,"2,375.3000",1.2300,6.6500,272.3200,"3,493.3000"
10,Osho_et_al.,2019,control,control,4,control,0,0,Cobb_500,3,male,1,1-22,unknown,1-22,881.0000,39.6667,58.9048,1.4850,,,,,881.0000,39.6667,58.9048,1.4850,,,,,,,,,,70.1000,,,73.3000,"3,189.0000","3,331.0000","3,113.0000",,,,,,,,,,,,,,,,,,,2.7200,0.1030,0.1900,,,,,,,,,,,,,,,,,,,,,,,,,,,,,,,,,,,,,,,,,,,,,,,,,,"1,120.0000",768.0000,,153.0000,154.0000,,7.3203,4.9870,,,,,,,,,,,,,,,,,,,,,,,,,,,,,,,,,,,,,,,,,,,,,,,,,,
10,Osho_et_al.,2019,soybean_bioactive_peptide,crude_peptide,3,feed,1000,0.1,Cobb_500,3,male,1,1-22,unknown,1-22,912.0000,41.1429,58.0000,1.4097,,,,,912.0000,41.1429,58.0000,1.4097,,,,,,,,,,71.2000,,,73.9000,"3,191.0000","3,299.0000","3,083.0000",,,,,,,,,,,,,,,,,,,2.8200,0.1050,0.1700,,,,,,,,,,,,,,,,,,,,,,,,,,,,,,,,,,,,,,,,,,,,,,,,,,"1,151.0000",813.0000,,142.0000,149.0000,,8.1056,5.4564,,,,,,,,,,,,,,,,,,,,,,,,,,,,,,,,,,,,,,,,,,,,,,,,,,
10,Osho_et_al.,2019,soybean_bioactive_peptide,crude_peptide,3,feed,2000,0.2,Cobb_500,3,male,1,1-22,unknown,1-22,919.0000,41.4762,58.3333,1.4064,,,,,919.0000,41.4762,58.3333,1.4064,,,,,,,,,,71.7000,,,74.2000,"3,209.0000","3,277.0000","3,055.0000",,,,,,,,,,,,,,,,,,,2.9600,0.1070,0.2200,,,,,,,,,,,,,,,,,,,,,,,,,,,,,,,,,,,,,,,,,,,,,,,,,,"1,181.0000",850.0000,,135.0000,144.0000,,8.7481,5.9028,,,,,,,,,,,,,,,,,,,,,,,,,,,,,,,,,,,,,,,,,,,,,,,,,,
10,Osho_et_al.,2019,soybean_bioactive_peptide,crude_peptide,3,feed,3000,0.3,Cobb_500,3,male,1,1-22,unknown,1-22,931.0000,42.0952,58.3810,1.3869,,,,,931.0000,42.0952,58.3810,1.3869,,,,,,,,,,72.7000,,,74.8000,"3,234.0000","3,281.0000","3,061.0000",,,,,,,,,,,,,,,,,,,2.9700,0.1080,0.2200,,,,,,,,,,,,,,,,,,,,,,,,,,,,,,,,,,,,,,,,,,,,,,,,,,"1,210.0000",885.0000,,127.0000,139.0000,,9.5276,6.3669,,,,,,,,,,,,,,,,,,,,,,,,,,,,,,,,,,,,,,,,,,,,,,,,,,
10,Osho_et_al.,2019,soybean_bioactive_peptide,crude_peptide,3,feed,4000,0.4,Cobb_500,3,male,1,1-22,unknown,1-22,949.0000,42.9524,58.9048,1.3714,,,,,949.0000,42.9524,58.9048,1.3714,,,,,,,,,,73.6000,,,75.5000,"3,246.0000","3,316.0000","3,098.0000",,,,,,,,,,,,,,,,,,,3.0200,0.1090,0.2400,,,,,,,,,,,,,,,,,,,,,,,,,,,,,,,,,,,,,,,,,,,,,,,,,,"1,244.0000",918.0000,,123.0000,135.0000,,10.1138,6.8000,,,,,,,,,,,,,,,,,,,,,,,,,,,,,,,,,,,,,,,,,,,,,,,,,,
10,Osho_et_al.,2019,soybean_bioactive_peptide,crude_peptide,3,feed,5000,0.5,Cobb_500,3,male,1,1-22,unknown,1-22,972.0000,44.0000,58.6190,1.3323,,,,,972.0000,44.0000,58.6190,1.3323,,,,,,,,,,73.3000,,,74.4000,"3,228.0000","3,292.0000","3,077.0000",,,,,,,,,,,,,,,,,,,30.2000,1.1300,2.7000,,,,,,,,,,,,,,,,,,,,,,,,,,,,,,,,,,,,,,,,,,,,,,,,,,"1,229.0000",918.0000,,128.0000,135.0000,,9.6016,6.8000,,,,,,,,,,,,,,,,,,,,,,,,,,,,,,,,,,,,,,,,,,,,,,,,,,
11,Osho_et_al.,2019,control,control,4,control,0,0,Cobb_500,3,male,1,1-22,unknown,1-22,858.0000,21.0952,30.0952,1.4266,,,,,858.0000,21.0952,30.0952,1.4266,,,,,,,,,,69.2100,,,71.1900,"3,148.0000",,,,,,,,,,,,,,,,,,,,,,,,,,,,,,,,,,,,,,,,,,,,,,,,,,,,,,,,,,,,,,,,,,,,,,,,,,,,,,,,,,,,,,,0.0008,,,,,,,,,,,,,,,,,,,,,,,,,,,,,,,,,,,,,,,,,,,
11,Osho_et_al.,2019,soybean_bioactive_peptide,crude_peptide,3,feed,4000,0.4,Cobb_500,3,male,1,1-22,unknown,1-22,859.0000,21.2381,29.8571,1.4058,,,,,859.0000,21.2381,29.8571,1.4058,,,,,,,,,,75.0900,,,76.5700,"3,341.0000",,,,,,,,,,,,,,,,,,,,,,,,,,,,,,,,,,,,,,,,,,,,,,,,,,,,,,,,,,,,,,,,,,,,,,,,,,,,,,,,,,,,,,,0.0039,,,,,,,,,,,,,,,,,,,,,,,,,,,,,,,,,,,,,,,,,,,
12,Osho_et_al.,2019,control,control,4,control,0,0,Cobb_500,3,male,1,1-22,unknown,1-22,728.0000,14.9524,26.1905,1.7516,,,,,728.0000,14.9524,26.1905,1.7516,,,,,,,,,,59.7700,,,58.1100,"2,564.0000",,,,,,,,,,,,,,,,,,,,,,,,,,,,,,,,,,,,,,,,,,,,,,,,,,,,,,,,,,,,,,,,,,,,,,,,,,,,,,,,,,,,,,,0.0175,,,,,,,,,,,,,,,,,,,,,,,,,,,,,,,,,,,,,,,,,,,
12,Osho_et_al.,2019,soybean_bioactive_peptide,crude_peptide,3,feed,4000,0.4,Cobb_500,3,male,1,1-22,unknown,1-22,801.0000,18.4762,27.0476,1.4639,,,,,801.0000,18.4762,27.0476,1.4639,,,,,,,,,,68.8700,,,67.0500,"2,925.0000",,,,,,,,,,,,,,,,,,,,,,,,,,,,,,,,,,,,,,,,,,,,,,,,,,,,,,,,,,,,,,,,,,,,,,,,,,,,,,,,,,,,,,,0.0117,,,,,,,,,,,,,,,,,,,,,,,,,,,,,,,,,,,,,,,,,,,
13,Daneshmand_et_al.,2019,control,control,4,control,0,0,Cobb_500,3,male,1,1-10,11-24,1-24,"1,472.6600",59.6400,94.3800,1.5800,,,,,"1,472.6600",59.6400,94.3800,1.5800,,,,,,,,,,,,,,,,,,,,,,,,,,,,,,,,,,,,,,,,,,,,,,,,,,,,,,,,,,2.1000,4.0500,6.8400,,,,,,,,,,,1.7000,4.5000,7.1300,,,,,,,,,,,,,,827.0000,,,201.0000,,,4.1144,,,,,,,,,,,,,,,,,,,,,,,,,,,,,,,,,,,,,,,,,,,,,,,,,,,
13,Daneshmand_et_al.,2019,camel_lactoferrin,purified_peptide,4,feed,20,0.002,Cobb_500,3,male,1,1-10,11-24,1-24,"1,604.1800",65.1200,92.6200,1.4200,,,,,"1,604.1800",65.1200,92.6200,1.4200,,,,,,,,,,,,,,,,,,,,,,,,,,,,,,,,,,,,,,,,,,,,,,,,,,,,,,,,,,1.6700,4.0300,5.3600,,,,,,,,,,,1.6700,4.1300,8.5100,,,,,,,,,,,,,,"1,167.0000",,,171.0000,,,6.8246,,,,,,,,,,,,,,,,,,,,,,,,,,,,,,,,,,,,,,,,,,,,,,,,,,,
14,Torki_et_al.,2018,control,control,4,control,0,0,ROSS_308,2,male,1,14-28,29-33,14-33,"1,001.0000",64.0000,90.8800,1.4200,"2,120.0000",93.6700,195.3300,2.0900,"2,120.0000",63.0000,104.5800,1.6600,,5.7500,,,,,,,,,,,,,,,,,,,,,,,,,,,,,,,,,,1.3600,,2.1400,,,,,,,,,,,,,,,,,,,,,,,,,,,,,,,,,,,,,,,,,,,,,,,,,,,,,,,,,,,,,,,,,,,,,,,,,,,,,,,,,,,,,,,,,,,,,,,,,,,,,,,,,,
14,Torki_et_al.,2018,lysozyme,purified_peptide,4,feed,40,0.004,ROSS_308,2,male,1,14-28,29-33,14-33,928.9000,55.0000,84.7000,1.5400,"2,079.0000",103.2500,206.6700,2.0000,"2,079.0000",61.7600,101.2800,1.6400,,6.5500,,,,,,,,,,,,,,,,,,,,,,,,,,,,,,,,,,1.2600,,2.1500,,,,,,,,,,,,,,,,,,,,,,,,,,,,,,,,,,,,,,,,,,,,,,,,,,,,,,,,,,,,,,,,,,,,,,,,,,,,,,,,,,,,,,,,,,,,,,,,,,,,,,,,,,
15,Rezaei_and_Teimouri,2017,control,control,4,control,0,0,Unknown,6,unknown,3,1-10,11-28,1-42,"1,143.0200",39.3600,58.1700,1.4800,"2,099.4000",68.3100,163.7600,2.4000,"2,099.4000",49.0100,93.3600,1.9000,,,,,,,,,,,,,,,,,,,,,,,,,,,,,,,,,,,,,,,,,,,,,,,,,,,,,,,,,3.2500,,,,,,,,,,,,,,,,,4.8900,3.2500,,,,,,,,,,,,,,,,,,,,,,,,,,,,,,,,,,,,,,,,,,,,,,,,,,,,,,,,,,,,,,,,,,8.4200,,19.4000,
15,Rezaei_and_Teimouri,2017,peptide,purified_peptide,4,feed,250,0.025,Unknown,6,unknown,3,1-10,11-28,1-42,"1,247.7300",43.1000,59.1200,1.3700,"2,319.6300",76.5600,165.9100,2.1700,"2,319.6300",54.2500,94.7200,1.7500,,,,,,,,,,,,,,,,,,,,,,,,,,,,,,,,,,,,,,,,,,,,,,,,,,,,,,,,,1.9200,,,,,,,,,,,,,,,,,5.1500,1.9200,,,,,,,,,,,,,,,,,,,,,,,,,,,,,,,,,,,,,,,,,,,,,,,,,,,,,,,,,,,,,,,,,,10.5400,,23.6700,
16,Wang_et_al.,2015,control,control,4,control,0,0,Arbor_Acres,1,unknown,3,1-21,22-28,1-28,834.8200,37.8000,49.1700,1.3000,"1,260.4200",60.8000,109.9000,1.8100,"1,260.4200",43.5500,64.3500,1.4800,,,,,,,,,,,,,,,,,,,,,,,,,,,,,,,,,,,,,,,,,,,,,,,,,,,,,,,,,,,,,,,,,,,,,,,,,,,,,,,,,,,,,,880.2000,776.4000,576.0000,197.1000,180.1000,146.7000,4.4658,4.3109,3.9264,,,,,,,,,,,,,,,,,,,,,,,,,,,,,,,,,,,,,,,,,,,,,,,,,,
16,Wang_et_al.,2015,sublancin,purified_peptide,4,water,2.88,0.000288,Arbor_Acres,1,unknown,3,1-21,22-28,1-28,846.0200,38.3300,50.6000,1.3200,"1,315.7200",67.1000,113.8000,1.7000,"1,315.7200",45.5300,66.4000,1.4600,,,,,,,,,,,,,,,,,,,,,,,,,,,,,,,,,,,,,,,,,,,,,,,,,,,,,,,,,,,,,,,,,,,,,,,,,,,,,,,,,,,,,,906.6000,873.6000,608.7000,177.8000,146.5000,130.4000,5.0990,5.9631,4.6679,,,,,,,,,,,,,,,,,,,,,,,,,,,,,,,,,,,,,,,,,,,,,,,,,,
16,Wang_et_al.,2015,sublancin,purified_peptide,4,water,5.76,0.000576,Arbor_Acres,1,unknown,3,1-21,22-28,1-28,851.6200,38.6000,51.1300,1.3200,"1,329.7200",68.3000,113.2000,1.6600,"1,329.7200",46.0300,66.6500,1.4500,,,,,,,,,,,,,,,,,,,,,,,,,,,,,,,,,,,,,,,,,,,,,,,,,,,,,,,,,,,,,,,,,,,,,,,,,,,,,,,,,,,,,,"1,016.3000","9,032.0000",624.1000,192.4000,168.7000,136.1000,5.2822,53.5388,4.5856,,,,,,,,,,,,,,,,,,,,,,,,,,,,,,,,,,,,,,,,,,,,,,,,,,
16,Wang_et_al.,2015,sublancin,purified_peptide,4,water,11.52,0.001152,Arbor_Acres,1,unknown,3,1-21,22-28,1-28,829.2200,37.5300,49.1300,1.3100,"1,298.9200",67.1000,109.1000,1.6300,"1,298.9200",44.9300,64.1300,1.4300,,,,,,,,,,,,,,,,,,,,,,,,,,,,,,,,,,,,,,,,,,,,,,,,,,,,,,,,,,,,,,,,,,,,,,,,,,,,,,,,,,,,,,"1,104.0000",918.8000,651.4000,186.8000,174.8000,123.6000,5.9101,5.2563,5.2702,,,,,,,,,,,,,,,,,,,,,,,,,,,,,,,,,,,,,,,,,,,,,,,,,,
17,Gong_et_al.,2016,control,control,4,control,0,0,ROSS_308,2,male,1,1-24,25-35,1-35,,,,,,,,,"1,892.0000",52.8000,81.1000,1.4400,,,,,,,,,,,,,,,,,,,,,,,,,,,,,,,,,,,,,,,,,,,,,,,,,,,,,,,,,5.0000,2.6200,4.7600,7.1500,7.1500,,,,,,,,,5.0000,2.6200,4.7600,7.1500,7.1500,,,,,,,,,,,,,,,,,,,,,,,,,,,,,,,,,,,,,,,,,,,,,,,,,,,,,,,,,,,,,,,,,,,,,,
17,Gong_et_al.,2016,lysozyme,purified_peptide,4,feed,100,0.01,ROSS_308,2,male,1,1-24,25-35,1-35,,,,,,,,,"1,874.5000",52.3000,80.9000,1.4500,,,,,,,,,,,,,,,,,,,,,,,,,,,,,,,,,,,,,,,,,,,,,,,,,,,,,,,,,4.6700,2.5200,4.6700,7.2000,7.1700,,,,,,,,,4.8200,2.6600,4.4000,7.0100,7.0400,,,,,,,,,,,,,,,,,,,,,,,,,,,,,,,,,,,,,,,,,,,,,,,,,,,,,,,,,,,,,,,,,,,,,,
18,Wang_et_al.,2009,control,control,4,control,0,0,Lohmann_Brown,7,unknown,3,unknown,unknown,1-42,,,,,,,,,584.9000,11.1000,28.8500,2.6000,,,,,,,,,,,,,,,,,,,,,,,,,,,,,,,,,,,,,,,,,,,,,,,,,,,,,,,,,,,,,,,,,,,,,,,,,,,,,,,,,,,,,,,,,,,,,,,204.0000,245.0000,279.0000,,,,,,,,,,,,,,,,,,,,,,,,,,,,,,,,,,,,,,,,,,,,,,,
18,Wang_et_al.,2009,swine_gut_antimicrobial_peptide,purified_peptide,4,injected,0.1,1E-05,Lohmann_Brown,7,unknown,3,unknown,unknown,1-42,,,,,,,,,802.4600,15.5400,29.8200,2.7000,,,,,,,,,,,,,,,,,,,,,,,,,,,,,,,,,,,,,,,,,,,,,,,,,,,,,,,,,,,,,,,,,,,,,,,,,,,,,,,,,,,,,,,,,,,,,,,248.0000,292.0000,335.0000,,,,,,,,,,,,,,,,,,,,,,,,,,,,,,,,,,,,,,,,,,,,,,,
19,Wen_and_He,2012,control,control,4,control,0,0,Lingnan,5,male,1,14-28,29-42,14-42,542.0000,21.4000,41.3000,1.9300,"1,530.4000",70.6000,165.0000,2.3400,"1,530.4000",46.0000,103.1500,2.2424,,,,,,,,,,,,48.0000,,,"2,904.0000",,,86.4000,,,,,,62.6000,,"3,000.0000",,88.1000,,,,,,,,,,,,,,,,,,,,,,,,,,,,,,,,,,,,,,,,,,,,,,,,,,,,,,,,,,452.0000,,345.0000,90.0000,,143.0000,5.0222,,2.4126,,,,,,,,,,,,,,,,,,,,,,,,,,,,,,,,,,,,,,,,,,,,,,,,,,
19,Wen_and_He,2012,cecropin_A,purified_peptide,4,feed,2,0.0002,Lingnan,5,male,1,14-28,29-42,14-42,545.5000,21.5000,39.4000,1.8300,"1,554.9000",72.1000,168.0000,2.3300,"1,554.9000",46.8000,103.7000,2.2158,,,,,,,,,,,,49.9000,,,"2,976.0000",,,87.4000,,,,,,64.1000,,"3,024.0000",,90.2000,,,,,,,,,,,,,,,,,,,,,,,,,,,,,,,,,,,,,,,,,,,,,,,,,,,,,,,,,,466.0000,,438.0000,83.0000,,94.0000,5.6145,,4.6596,,,,,,,,,,,,,,,,,,,,,,,,,,,,,,,,,,,,,,,,,,,,,,,,,,
19,Wen_and_He,2012,cecropin_A,purified_peptide,4,feed,4,0.0004,Lingnan,5,male,1,14-28,29-42,14-42,551.5000,21.9000,38.9000,1.7800,"1,602.9000",75.1000,173.0000,2.3000,"1,602.9000",48.5000,105.9500,2.1845,,,,,,,,,,,,50.6000,,,"3,048.0000",,,88.5000,,,,,,71.2000,,"3,120.0000",,92.6000,,,,,,,,,,,,,,,,,,,,,,,,,,,,,,,,,,,,,,,,,,,,,,,,,,,,,,,,,,492.0000,,499.0000,64.0000,,65.0000,7.6875,,7.6769,,,,,,,,,,,,,,,,,,,,,,,,,,,,,,,,,,,,,,,,,,,,,,,,,,
19,Wen_and_He,2012,cecropin_A,purified_peptide,4,feed,6,0.0006,Lingnan,5,male,1,14-28,29-42,14-42,545.0000,21.6000,34.7000,1.6100,"1,544.6000",71.4000,165.0000,2.3100,"1,544.6000",46.5000,99.8500,2.1473,,,,,,,,,,,,52.6000,,,"3,192.0000",,,89.3000,,,,,,75.0000,,"3,192.0000",,92.2000,,,,,,,,,,,,,,,,,,,,,,,,,,,,,,,,,,,,,,,,,,,,,,,,,,,,,,,,,,512.0000,,508.0000,66.0000,,64.0000,7.7576,,7.9375,,,,,,,,,,,,,,,,,,,,,,,,,,,,,,,,,,,,,,,,,,,,,,,,,,
19,Wen_and_He,2012,cecropin_A,purified_peptide,4,feed,8,0.0008,Lingnan,5,male,1,14-28,29-42,14-42,534.0000,20.8000,35.4000,1.7000,"1,505.6000",69.4000,163.0000,2.3500,"1,505.6000",45.1000,99.2000,2.1996,,,,,,,,,,,,53.0000,,,"3,216.0000",,,90.4000,,,,,,77.3000,,"3,240.0000",,93.3000,,,,,,,,,,,,,,,,,,,,,,,,,,,,,,,,,,,,,,,,,,,,,,,,,,,,,,,,,,516.0000,,506.0000,66.0000,,62.0000,7.8182,,8.1613,,,,,,,,,,,,,,,,,,,,,,,,,,,,,,,,,,,,,,,,,,,,,,,,,,
20,King_et_al.,2005,control,control,4,control,0,0,ROSS_308,2,male,1,1-14,14-35,1-35,462.0200,29.9300,36.9300,1.2300,"2,188.0200",76.5000,132.9500,1.7500,"2,188.0200",61.2900,98.3400,1.6470,,,,,,,,,,,,,,,,,,,,,,,,,,,,,,,,,,,,,,,,,,,,,,,,,,,,,,,,,,,,,,,,,,,,,,,,,,,,,,,,,,,,,,"1,325.0000",,,199.0000,,,6.6583,,,144.0000,,,,,,,,,,,,,,,,,,,,,,,,,,,,,,,,,,,,,,,,,,,,,,,,,
20,King_et_al.,2005,spray_dried_bovine_colostrum,crude_peptide,3,feed,50000,5,ROSS_308,2,male,1,1-14,14-35,1-35,477.9800,31.0700,37.0000,1.2900,"2,257.8800",78.9500,135.5000,1.7400,"2,257.8800",63.2800,98.8300,1.6190,,,,,,,,,,,,,,,,,,,,,,,,,,,,,,,,,,,,,,,,,,,,,,,,,,,,,,,,,,,,,,,,,,,,,,,,,,,,,,,,,,,,,,"1,286.0000",,,207.0000,,,6.2126,,,124.0000,,,,,,,,,,,,,,,,,,,,,,,,,,,,,,,,,,,,,,,,,,,,,,,,,
21,King_et_al.,2005,control,control,4,control,0,0,ROSS_308,2,male,1,1-14,14-35,1-35,462.0200,29.9300,36.9300,1.2300,"2,188.0200",76.5000,132.9500,1.7500,"2,188.0200",61.2900,98.3400,1.6470,,,,,,,,,,,,,,,,,,,,,,,,,,,,,,,,,,,,,,,,,,,,,,,,,,,,,,,,,,,,,,,,,,,,,,,,,,,,,,,,,,,,,,"1,325.0000",,,199.0000,,,6.6583,,,144.0000,,,,,,,,,,,,,,,,,,,,,,,,,,,,,,,,,,,,,,,,,,,,,,,,,
21,King_et_al.,2005,spray_dried_bovine_plasma,crude_peptide,3,feed,50000,5,ROSS_308,2,male,1,1-14,14-35,1-35,470.0000,30.5000,36.9300,1.2100,"2,241.9800",78.5900,136.0000,1.7500,"2,241.9800",62.8300,99.5400,1.6390,,,,,,,,,,,,,,,,,,,,,,,,,,,,,,,,,,,,,,,,,,,,,,,,,,,,,,,,,,,,,,,,,,,,,,,,,,,,,,,,,,,,,,"1,386.0000",,,204.0000,,,6.7941,,,132.0000,,,,,,,,,,,,,,,,,,,,,,,,,,,,,,,,,,,,,,,,,,,,,,,,,
22,King_et_al.,2005,control,control,4,control,0,0,ROSS_308,2,male,1,1-14,14-35,1-35,462.0200,29.9300,36.9300,1.2300,"2,188.0200",76.5000,132.9500,1.7500,"2,188.0200",61.2900,98.3400,1.6470,,,,,,,,,,,,,,,,,,,,,,,,,,,,,,,,,,,,,,,,,,,,,,,,,,,,,,,,,,,,,,,,,,,,,,,,,,,,,,,,,,,,,,"1,325.0000",,,199.0000,,,6.6583,,,144.0000,,,,,,,,,,,,,,,,,,,,,,,,,,,,,,,,,,,,,,,,,,,,,,,,,
22,King_et_al.,2005,spray_dried_porcine_plasma,crude_peptide,3,feed,50000,5,ROSS_308,2,male,1,1-14,14-35,1-35,458.9400,29.7100,35.7900,1.2100,"2,208.0400",77.5500,134.5000,1.7500,"2,208.0400",61.8600,98.3400,1.6380,,,,,,,,,,,,,,,,,,,,,,,,,,,,,,,,,,,,,,,,,,,,,,,,,,,,,,,,,,,,,,,,,,,,,,,,,,,,,,,,,,,,,,"1,400.0000",,,211.0000,,,6.6351,,,146.0000,,,,,,,,,,,,,,,,,,,,,,,,,,,,,,,,,,,,,,,,,,,,,,,,,
23,Han_et_al.,2010,control,control,4,control,0,0,Arbor_Acres,1,unknown,3,1-28,unknown,1-28,,,,,,,,,"1,265.0000",43.8200,64.4000,1.4696,8.3000,,,,,,,,,,,,,,,,,,,,,,,,,,,,,,,,,,,,,,,,,,,,,,,,,,,,,,,,,,,,,,,,,,,,,,,,,,,,,,,,,,,,,,,,,,,,,,,,,,,,,,,,,,,,,,,,,,,,,,,,,,,,,,21.4000,,,,,,,,,,,,,,,,,
23,Han_et_al.,2010,bee_venom,purified_peptide,4,water,0.5,5E-05,Arbor_Acres,1,unknown,3,1-28,unknown,1-28,,,,,,,,,"1,396.0000",48.5000,66.5000,1.3711,4.7000,,,,,,,,,,,,,,,,,,,,,,,,,,,,,,,,,,,,,,,,,,,,,,,,,,,,,,,,,,,,,,,,,,,,,,,,,,,,,,,,,,,,,,,,,,,,,,,,,,,,,,,,,,,,,,,,,,,,,,,,,,,,,,27.3000,,,,,,,,,,,,,,,,,
23,Han_et_al.,2010,bee_venom,purified_peptide,4,water,1,0.0001,Arbor_Acres,1,unknown,3,1-28,unknown,1-28,,,,,,,,,"1,415.0000",49.1800,67.2000,1.3664,4.5000,,,,,,,,,,,,,,,,,,,,,,,,,,,,,,,,,,,,,,,,,,,,,,,,,,,,,,,,,,,,,,,,,,,,,,,,,,,,,,,,,,,,,,,,,,,,,,,,,,,,,,,,,,,,,,,,,,,,,,,,,,,,,,28.2000,,,,,,,,,,,,,,,,,
24,Hu_et_al.,2010,control,control,4,control,0,0,Arbor_Acres,1,unknown,3,1-21,unknown,1-21,,,,,,,,,694.1500,40.3400,59.6500,1.4400,,,,,,,,,,,,,,,,,,,,,,,,,,,,,,,,,,,,,,,,,,,,,,,,,,,,,,,,,,,,,,,,,,,,,,,,,,,,,,,,,,,,,,983.8500,782.8300,,110.8600,111.2800,,8.8747,7.0348,,,,,,,,,,,,,,,,,,,,,,,,,,,,,,,,,,,,,,,,,,,,,,,,,,,
24,Hu_et_al.,2010,glucagon_like_peptide,purified_peptide,4,injected,0.33,3.3E-05,Arbor_Acres,1,unknown,3,1-21,unknown,1-21,,,,,,,,,742.5500,42.6400,60.0000,1.4000,,,,,,,,,,,,,,,,,,,,,,,,,,,,,,,,,,,,,,,,,,,,,,,,,,,,,,,,,,,,,,,,,,,,,,,,,,,,,,,,,,,,,,"1,078.2500","1,014.9400",,125.8300,139.0500,,8.5691,7.2991,,,,,,,,,,,,,,,,,,,,,,,,,,,,,,,,,,,,,,,,,,,,,,,,,,,
25,Hu_et_al.,2010,control,control,4,control,0,0,Arbor_Acres,1,unknown,3,1-21,unknown,1-21,,,,,,,,,394.1100,15.0200,46.2000,3.1500,,,,,,,,,,,,,,,,,,,,,,,,,,,,,,,,,,,,,,,,,,,,,,,,,,,,,,,,,,,,,,,,,,,,,,,,,,,,,,,,,,,,,,879.5900,699.8200,,92.8200,93.6500,,9.4763,7.4727,,,,,,,,,,,,,,,,,,,,,,,,,,,,,,,,,,,,,,,,,,,,,,,,,,,
25,Hu_et_al.,2010,glucagon_like_peptide,purified_peptide,4,injected,0.33,3.3E-05,Arbor_Acres,1,unknown,3,1-21,unknown,1-21,,,,,,,,,368.9000,15.2200,46.9300,2.9900,,,,,,,,,,,,,,,,,,,,,,,,,,,,,,,,,,,,,,,,,,,,,,,,,,,,,,,,,,,,,,,,,,,,,,,,,,,,,,,,,,,,,,"1,008.3100",827.1500,,114.5400,104.6900,,8.8031,7.9009,,,,,,,,,,,,,,,,,,,,,,,,,,,,,,,,,,,,,,,,,,,,,,,,,,,
26,Zhang_et_al.,2010,control,control,4,control,0,0,Cobb_500,3,male,1,1-28,unknown,1-28,,,,,,,,,685.0000,24.4600,53.1600,2.1700,32.0600,1.4000,,,,,,,,,,,,,,,,,,,,,,,,,,,,,,,,,,,,,,,,,,,,,,,,,,,,,,,,,,,,,,,,,,,,,,,,,,,,,,,,,,,,,,,,,,,,,,,,,,,,,,,,,,,,,,,,,,,,,,,,,,,,,,,,,,,,,,,,,,,,,,
26,Zhang_et_al.,2010,lysozyme,purified_peptide,4,feed,200,0.02,Cobb_500,3,male,1,1-28,unknown,1-28,,,,,,,,,872.0000,31.1400,57.6800,1.8500,15.8400,0.6000,,,,,,,,,,,,,,,,,,,,,,,,,,,,,,,,,,,,,,,,,,,,,,,,,,,,,,,,,,,,,,,,,,,,,,,,,,,,,,,,,,,,,,,,,,,,,,,,,,,,,,,,,,,,,,,,,,,,,,,,,,,,,,,,,,,,,,,,,,,,,,
27,Zhang_et_al.,2010,control,control,4,control,0,0,Cobb_500,3,male,1,1-28,unknown,1-28,,,,,,,,,685.0000,24.4600,53.1600,2.1700,32.0600,1.4000,,,,,,,,,,,,,,,,,,,,,,,,,,,,,,,,,,,,,,,,,,,,,,,,,,,,,,,,,,,,,,,,,,,,,,,,,,,,,,,,,,,,,,,,,,,,,,,,,,,,,,,,,,,,,,,,,,,,,,,,,,,,,,,,,,,,,,,,,,,,,,
27,Zhang_et_al.,2010,lysozyme__vacuum_microwave_dehydration,purified_peptide,4,feed,200,0.02,Cobb_500,3,male,1,1-28,unknown,1-28,,,,,,,,,892.0000,31.8600,59.2200,1.8600,9.0400,0.8000,,,,,,,,,,,,,,,,,,,,,,,,,,,,,,,,,,,,,,,,,,,,,,,,,,,,,,,,,,,,,,,,,,,,,,,,,,,,,,,,,,,,,,,,,,,,,,,,,,,,,,,,,,,,,,,,,,,,,,,,,,,,,,,,,,,,,,,,,,,,,,
28,Abdollahi_et_al.,2018,control,control,4,control,0,0,ROSS_308,2,male,1,1-21,22-42,1-42,"1,137.9400",52.1400,60.9500,1.1690,"3,328.0300",104.2900,179.5200,1.7320,"3,328.0300",78.2100,120.4400,1.5400,5.0000,1.4800,,,,,,,,,,,,,,,,,,,,,,,,,,,76.8000,22.7000,19.1000,11.2000,,,,,,,,,,,,,,,,,,,,,,,,,,,,,,,,,,,,,,,,,,,,,,,,,,,,,,,,,,,,,,,,,,,,,,,,,,,,,,,,,,,,,,,,,,,,,,,,,,,,,,,,,,,,,,,,
28,Abdollahi_et_al.,2018,soybean_bioactive_peptide,crude_peptide,3,feed,1000,0.1,ROSS_308,2,male,1,1-21,22-42,1-42,"1,141.9300",52.3300,60.4800,1.1580,"3,340.8400",104.7100,179.4300,1.7330,"3,340.8400",78.5200,120.6900,1.5370,3.3000,1.5000,,,,,,,,,,,,,,,,,,,,,,,,,,,77.1000,22.5000,19.8000,9.5000,,,,,,,,,,,,,,,,,,,,,,,,,,,,,,,,,,,,,,,,,,,,,,,,,,,,,,,,,,,,,,,,,,,,,,,,,,,,,,,,,,,,,,,,,,,,,,,,,,,,,,,,,,,,,,,,
28,Abdollahi_et_al.,2018,soybean_bioactive_peptide,crude_peptide,3,feed,2000,0.2,ROSS_308,2,male,1,1-21,22-42,1-42,"1,127.0200",51.6200,59.6200,1.1570,"3,329.9200",104.9000,178.9500,1.7220,"3,329.9200",78.2600,119.8900,1.5320,2.5000,1.2200,,,,,,,,,,,,,,,,,,,,,,,,,,,76.6000,22.5000,19.8000,10.4000,,,,,,,,,,,,,,,,,,,,,,,,,,,,,,,,,,,,,,,,,,,,,,,,,,,,,,,,,,,,,,,,,,,,,,,,,,,,,,,,,,,,,,,,,,,,,,,,,,,,,,,,,,,,,,,,
28,Abdollahi_et_al.,2018,soybean_bioactive_peptide,crude_peptide,3,feed,3000,0.3,ROSS_308,2,male,1,1-21,22-42,1-42,"1,127.0200",51.6200,59.2900,1.1520,"3,359.1100",106.2900,180.2400,1.7270,"3,359.1100",78.9500,120.9500,1.5320,6.7000,1.1700,,,,,,,,,,,,,,,,,,,,,,,,,,,77.2000,22.9000,19.9000,8.9000,,,,,,,,,,,,,,,,,,,,,,,,,,,,,,,,,,,,,,,,,,,,,,,,,,,,,,,,,,,,,,,,,,,,,,,,,,,,,,,,,,,,,,,,,,,,,,,,,,,,,,,,,,,,,,,,
28,Abdollahi_et_al.,2018,soybean_bioactive_peptide,crude_peptide,3,feed,4000,0.4,ROSS_308,2,male,1,1-21,22-42,1-42,"1,137.1000",52.1000,59.7600,1.1480,"3,365.2000",106.1000,179.9000,1.7110,"3,365.2000",79.1000,120.3100,1.5210,6.7000,1.2500,,,,,,,,,,,,,,,,,,,,,,,,,,,76.8000,22.0000,19.8000,10.4000,,,,,,,,,,,,,,,,,,,,,,,,,,,,,,,,,,,,,,,,,,,,,,,,,,,,,,,,,,,,,,,,,,,,,,,,,,,,,,,,,,,,,,,,,,,,,,,,,,,,,,,,,,,,,,,,
28,Abdollahi_et_al.,2018,soybean_bioactive_peptide,crude_peptide,3,feed,5000,0.5,ROSS_308,2,male,1,1-21,22-42,1-42,"1,149.0700",52.6700,60.0500,1.1430,"3,414.1300",107.8600,180.4300,1.6890,"3,414.1300",80.2600,120.7100,1.5040,5.0000,1.2500,,,,,,,,,,,,,,,,,,,,,,,,,,,77.4000,22.1000,19.7000,10.0000,,,,,,,,,,,,,,,,,,,,,,,,,,,,,,,,,,,,,,,,,,,,,,,,,,,,,,,,,,,,,,,,,,,,,,,,,,,,,,,,,,,,,,,,,,,,,,,,,,,,,,,,,,,,,,,,
28,Abdollahi_et_al.,2018,soybean_bioactive_peptide,crude_peptide,3,feed,6000,0.6,ROSS_308,2,male,1,1-21,22-42,1-42,"1,145.0800",52.4800,60.1400,1.1480,"3,417.0700",108.1900,180.7100,1.6920,"3,417.0700",80.3300,121.2200,1.5090,6.7000,1.0200,,,,,,,,,,,,,,,,,,,,,,,,,,,76.6000,22.3000,19.3000,9.6000,,,,,,,,,,,,,,,,,,,,,,,,,,,,,,,,,,,,,,,,,,,,,,,,,,,,,,,,,,,,,,,,,,,,,,,,,,,,,,,,,,,,,,,,,,,,,,,,,,,,,,,,,,,,,,,,
29,Kim_et_al.,2018,control,control,4,control,0,0,ROSS_308,2,male,1,1-21,unknown,1-35,759.9400,34.1400,54.9500,1.5920,,,,,"1,747.8500",48.7100,76.8157,1.5770,5.7100,,,,,,,,,,,,,,,,,,,,,,,,,,,,,13.1400,,,,,,,,,,,,,,,,,,,,,,,,,,,,,,,,,,,,,,,,,,,,,,,,,,,,,,,,753.0000,,,155.0000,,,4.8581,,,,,,,,,,,,,,,,,,,,,,,,,,,,,,,,,,,,,,,,,,2.2340,,,,,,,6.1560,,,
29,Kim_et_al.,2018,bee_venom,purified_peptide,4,feed,0.01,1E-06,ROSS_308,2,male,1,1-21,unknown,1-35,757.0000,34.0000,54.5200,1.5700,,,,,"1,754.8500",48.9100,77.2289,1.5790,4.0000,,,,,,,,,,,,,,,,,,,,,,,,,,,,,14.5500,,,,,,,,,,,,,,,,,,,,,,,,,,,,,,,,,,,,,,,,,,,,,,,,,,,,,,,,820.0000,,,167.0000,,,4.9102,,,,,,,,,,,,,,,,,,,,,,,,,,,,,,,,,,,,,,,,,,2.5770,,,,,,,7.5130,,,
29,Kim_et_al.,2018,bee_venom,purified_peptide,4,feed,0.05,5E-06,ROSS_308,2,male,1,1-21,unknown,1-35,801.9400,36.1400,55.0500,1.5260,,,,,"1,776.9000",49.5400,77.3815,1.5620,2.2900,,,,,,,,,,,,,,,,,,,,,,,,,,,,,13.5900,,,,,,,,,,,,,,,,,,,,,,,,,,,,,,,,,,,,,,,,,,,,,,,,,,,,,,,,765.0000,,,172.0000,,,4.4477,,,,,,,,,,,,,,,,,,,,,,,,,,,,,,,,,,,,,,,,,,2.6340,,,,,,,7.2470,,,
29,Kim_et_al.,2018,bee_venom,purified_peptide,4,feed,0.1,1E-05,ROSS_308,2,male,1,1-21,unknown,1-35,816.0100,36.8100,55.4300,1.5080,,,,,"1,828.0000",51.0000,78.1320,1.5320,2.8600,,,,,,,,,,,,,,,,,,,,,,,,,,,,,14.4900,,,,,,,,,,,,,,,,,,,,,,,,,,,,,,,,,,,,,,,,,,,,,,,,,,,,,,,,686.0000,,,151.0000,,,4.5430,,,,,,,,,,,,,,,,,,,,,,,,,,,,,,,,,,,,,,,,,,2.5390,,,,,,,6.2520,,,
29,Kim_et_al.,2018,bee_venom,purified_peptide,4,feed,0.5,5E-05,ROSS_308,2,male,1,1-21,unknown,1-35,801.1000,36.1000,55.2400,1.5370,,,,,"1,788.1000",49.8600,78.1805,1.5680,2.2900,,,,,,,,,,,,,,,,,,,,,,,,,,,,,15.6700,,,,,,,,,,,,,,,,,,2.9930,1.0910,1.7450,0.6240,127.3000,,92.6100,0.2390,6.3010,,,,,,,,,,,,,,,,,,,,,,,,,,,,,,610.0000,,,152.0000,,,4.0132,,,,,,,,,,,,,,,,,,,,,,,,,,,,,,,,,,,,,,,,,,2.2990,,,,,,,6.1680,,,
30,Salavati_et_al.,2019,control,control,4,control,0,0,ROSS_308,2,unknown,3,1-24,25-35,1-35,791.8200,31.2000,50.6800,1.6200,"1,315.9600",60.6600,142.8000,2.3500,"1,315.9600",39.7800,78.1000,1.9600,,,,,,,,,,,,,,,,,,,,,,,,,,,,,,21.7600,,,,2.3100,2.3500,,,,,,,,,,,,,2.8010,1.0640,1.5800,0.6890,105.1000,,79.8100,0.2290,5.7470,,,,,,,,,,9.3000,,,,,,6.5800,7.3500,9.3000,,,,,,,,,,,,"1,160.0000",,,191.2400,,,6.0657,,,,,,,,,,,,,,,,,,,,,,,,,,,,,,,,,,,,,,,,,,,,,,,,,,,,
30,Salavati_et_al.,2019,sesame_meal_bioactive_peptide,purified_peptide,4,feed,50,0.005,ROSS_308,2,unknown,3,1-24,25-35,1-35,789.3000,31.1000,50.1900,1.6100,"1,329.4000",62.3200,138.9000,2.2300,"1,329.4000",40.2000,77.2300,1.9200,,,,,,,,,,,,,,,,,,,,,,,,,,,,,,23.3400,,,,2.0300,2.3600,,,,,,,,,,,,,2.7930,1.0890,1.6630,0.6630,121.9000,,89.4000,0.2100,5.9970,,,,,,,,,,8.9700,,,,,,6.4900,7.5200,8.9700,,,,,,,,,,,,"1,176.0000",,,188.2200,,,6.2480,,,,,,,,,,,,,,,,,,,,,,,,,,,,,,,,,,,,,,,,,,,,,,,,,,,,
30,Salavati_et_al.,2019,sesame_meal_bioactive_peptide,purified_peptide,4,feed,100,0.01,ROSS_308,2,unknown,3,1-24,25-35,1-35,780.8000,30.7400,48.6800,1.5800,"1,430.5200",67.6600,133.5000,1.9700,"1,430.5200",43.3600,74.5600,1.7200,,,,,,,,,,,,,,,,,,,,,,,,,,,,,,23.0900,,,,2.1400,2.2600,,,,,,,,,,,,,2.7840,1.0180,1.6270,0.6460,108.8000,,77.7000,0.2110,6.1310,,,,,,,,,,9.1700,,,,,,6.2300,7.7400,9.1700,,,,,,,,,,,,"1,193.0000",,,190.4100,,,6.2654,,,,,,,,,,,,,,,,,,,,,,,,,,,,,,,,,,,,,,,,,,,,,,,,,,,,
30,Salavati_et_al.,2019,sesame_meal_bioactive_peptide,purified_peptide,4,feed,150,0.015,ROSS_308,2,unknown,3,1-24,25-35,1-35,776.6000,30.5700,48.2100,1.5800,"1,326.5200",62.7600,132.9000,2.1200,"1,326.5200",40.1100,74.0400,1.8500,,,,,,,,,,,,,,,,,,,,,,,,,,,,,,21.6100,,,,2.0800,2.2300,,,,,,,,,,,,,2.8910,1.1030,1.5240,0.7320,133.5000,,92.2800,0.2230,6.3590,,,,,,,,,,9.3100,,,,,,6.1100,7.4700,9.3100,,,,,,,,,,,,"1,180.0000",,,187.0800,,,6.3075,,,,,,,,,,,,,,,,,,,,,,,,,,,,,,,,,,,,,,,,,,,,,,,,,,,,
31,Jiang_et_al.,2009,control,control,4,control,0,0,Arbor_Acres,1,unknown,3,1-28,29-49,1-49,936.5600,32.0200,63.8900,2.0000,"2,352.8000",67.4400,162.5200,2.4100,"2,352.8000",47.2000,106.1600,2.2500,,,,,,,,,,,,,,,,,,,,,,,,,,,,,,,,,,,,,,,,,,,,,,,,,,,,,,,,,,,,,,,,,,,,,,,,,,,,,,,,,,,,,,,,,,,,1.4800,2.4900,2.5600,133.2000,193.8000,184.7000,,,,,,,,,,,,,,,,,,,,,,,,,,,,,,,,,,,,,,,,,,,,,,,
31,Jiang_et_al.,2009,soybean_bioactive_peptide,purified_peptide,4,feed,80,0.008,Arbor_Acres,1,unknown,3,1-28,29-49,1-49,956.4400,32.7300,63.3900,1.9400,"2,381.0800",67.8400,159.4800,2.3500,"2,381.0800",47.7771,104.5700,2.1900,,,,,,,,,,,,,,,,,,,,,,,,,,,,,,,,,,,,,,,,,,,,,,,,,,,,,,,,,,,,,,,,,,,,,,,,,,,,,,,,,,,,,,,,,,,,2.5300,2.5200,2.5700,107.2000,179.6000,134.3000,,,,,,,,,,,,,,,,,,,,,,,,,,,,,,,,,,,,,,,,,,,,,,,
31,Jiang_et_al.,2009,soybean_bioactive_peptide,purified_peptide,4,feed,120,0.012,Arbor_Acres,1,unknown,3,1-28,29-49,1-49,957.0000,32.7500,62.9300,1.9200,"2,422.8000",69.8000,161.0600,2.3100,"2,422.8000",48.6286,104.9900,2.1600,,,,,,,,,,,,,,,,,,,,,,,,,,,,,,,,,,,,,,,,,,,,,,,,,,,,,,,,,,,,,,,,,,,,,,,,,,,,,,,,,,,,,,,,,,,,3.4300,2.8600,3.0600,125.3000,161.0000,129.3000,,,,,,,,,,,,,,,,,,,,,,,,,,,,,,,,,,,,,,,,,,,,,,,
31,Jiang_et_al.,2009,soybean_bioactive_peptide,purified_peptide,4,feed,200,0.02,Arbor_Acres,1,unknown,3,1-28,29-49,1-49,939.9200,32.1400,63.4500,1.9700,"2,417.9000",70.3800,160.6800,2.2800,"2,417.9000",48.5286,105.1200,2.1700,,,,,,,,,,,,,,,,,,,,,,,,,,,,,,,,,,,,,,,,,,,,,,,,,,,,,,,,,,,,,,,,,,,,,,,,,,,,,,,,,,,,,,,,,,,,2.3900,2.3900,2.5500,122.4000,141.5000,128.2000,,,,,,,,,,,,,,,,,,,,,,,,,,,,,,,,,,,,,,,,,,,,,,,
32,Wallace_and_Yang,2010,control,control,4,control,0,0,Unknown,6,male,1,1-21,unknown,1-21,426.9300,18.4200,32.6800,1.7760,,,,,426.9300,18.4200,32.6800,1.7760,0.8800,,,,,,,,,,,,,,,,,,,,,,,,,,,,,,,,,,,,,,2.3470,0.6390,1.7080,0.3741,187.3837,,18.5616,,,,,,,,,,,,,,,,,,,,,,,,,,,,,,,,,,,,,,,,,,,,,,,,,,,,,,,,,,,,,,,,,,,,,,,,,,,,5.8500,241.9400,,,,,,,,,,,,,,,,,,,,,,
32,Wallace_and_Yang,2010,soybean_bioactive_peptide,crude_peptide,3,feed,1000,0.1,Unknown,6,male,1,1-21,unknown,1-21,444.1500,19.3000,33.0000,1.7050,,,,,444.1500,19.3000,33.0000,1.7050,0.3700,,,,,,,,,,,,,,,,,,,,,,,,,,,,,,,,,,,,,,1.4940,0.6350,0.8590,0.7392,143.3797,,18.1749,,,,,,,,,,,,,,,,,,,,,,,,,,,,,,,,,,,,,,,,,,,,,,,,,,,,,,,,,,,,,,,,,,,,,,,,,,,,4.0700,220.7600,,,,,,,,,,,,,,,,,,,,,,
32,Wallace_and_Yang,2010,soybean_bioactive_peptide,crude_peptide,3,feed,2000,0.2,Unknown,6,male,1,1-21,unknown,1-21,430.0800,18.0600,32.6300,1.7580,,,,,430.0800,18.0600,32.6300,1.7580,0.3700,,,,,,,,,,,,,,,,,,,,,,,,,,,,,,,,,,,,,,1.9280,0.7050,1.2230,0.5765,136.0457,,19.3350,,,,,,,,,,,,,,,,,,,,,,,,,,,,,,,,,,,,,,,,,,,,,,,,,,,,,,,,,,,,,,,,,,,,,,,,,,,,6.1400,251.1600,,,,,,,,,,,,,,,,,,,,,,
32,Wallace_and_Yang,2010,soybean_bioactive_peptide,crude_peptide,3,feed,3000,0.3,Unknown,6,male,1,1-21,unknown,1-21,425.0400,18.3300,32.2700,1.7530,,,,,425.0400,18.3300,32.2700,1.7530,1.4700,,,,,,,,,,,,,,,,,,,,,,,,,,,,,,,,,,,,,,1.8860,0.7050,1.1810,0.5970,129.0784,,17.0148,,,,,,,,,,,,,,,,,,,,,,,,,,,,,,,,,,,,,,,,,,,,,,,,,,,,,,,,,,,,,,,,,,,,,,,,,,,,3.1300,214.6700,,,,,,,,,,,,,,,,,,,,,,
32,Wallace_and_Yang,2010,soybean_bioactive_peptide,crude_peptide,3,feed,4000,0.4,Unknown,6,male,1,1-21,unknown,1-21,436.8000,18.8900,33.0000,1.7150,,,,,436.8000,18.8900,33.0000,1.7150,1.1000,,,,,,,,,,,,,,,,,,,,,,,,,,,,,,,,,,,,,,1.5260,0.6720,0.8540,0.7869,139.3460,,19.3350,,,,,,,,,,,,,,,,,,,,,,,,,,,,,,,,,,,,,,,,,,,,,,,,,,,,,,,,,,,,,,,,,,,,,,,,,,,,5.4600,251.8900,,,,,,,,,,,,,,,,,,,,,,
32,Wallace_and_Yang,2010,soybean_bioactive_peptide,crude_peptide,3,feed,5000,0.5,Unknown,6,male,1,1-21,unknown,1-21,426.0900,18.3900,32.4500,1.7630,,,,,426.0900,18.3900,32.4500,1.7630,1.1000,,,,,,,,,,,,,,,,,,,,,,,,,,,,,,,,,,,,,,1.0020,0.6400,0.3620,1.7680,124.3113,,16.2414,,,,,,,,,,,,,,,,,,,,,,,,,,,,,,,,,,,,,,,,,,,,,,,,,,,,,,,,,,,,,,,,,,,,,,,,,,,,7.1400,235.9800,,,,,,,,,,,,,,,,,,,,,,
33,Liu_et_al.,2010,control,control,4,control,0,0,Arbor_Acres,1,male,1,1-14,15-28,1-28,,,,,,,,,971.8000,45.3900,78.8900,1.7400,,,,,,,,,,,,,,,,,,,,,,,,,,,,,,,,,,,,,,,,,,,,,,,,,,,,,,,,,,0.7000,,,,,,5.1000,6.9900,,,,,,,,,,,,4.9900,6.6300,,,,,,,,,,,,,,,,,,,,,,,,,,,,,,,,,,,,,,,,,,,,,,,,,,,,,,,,,,,,,,,,,,
33,Liu_et_al.,2010,lysozyme,purified_peptide,4,feed,40,0.004,Arbor_Acres,1,male,1,1-14,15-28,1-28,,,,,,,,,982.9000,45.9700,78.2400,1.7000,,,,,,,,,,,,,,,,,,,,,,,,,,,,,,,,,,,,,,,,,,,,,,,,,,,,,,,,,,0.5100,,,,,,4.7100,6.7900,,,,,,,,,,,,4.5000,6.3700,,,,,,,,,,,,,,,,,,,,,,,,,,,,,,,,,,,,,,,,,,,,,,,,,,,,,,,,,,,,,,,,,,
34,Liu_et_al.,2010,control,control,4,control,0,0,Arbor_Acres,1,male,1,1-14,15-28,1-28,,,,,,,,,917.6000,41.1300,74.9100,1.8200,,,,,,,,,,,,,,,,,,,,,,,,,,,,,,,,,,,,,,,,,,,,,,,,,,,,,,,,,,4.7900,,,,,,5.1000,6.9900,,,,,,,,,,,,4.9900,6.6300,,,,,,,,,,,,,,,,,,,,,,,,,,,,,,,,,,,,,,,,,,,,,,,,,,,,,,,,,,,,,,,,,,
34,Liu_et_al.,2010,lysozyme,purified_peptide,4,feed,40,0.004,Arbor_Acres,1,male,1,1-14,15-28,1-28,,,,,,,,,951.3000,44.5100,76.5700,1.7200,,,,,,,,,,,,,,,,,,,,,,,,,,,,,,,,,,,,,,,,,,,,,,,,,,,,,,,,,,3.6700,,,,,,6.3800,7.4800,,,,,,,,,,,,5.5600,7.1300,,,,,,,,,,,,,,,,,,,,,,,,,,,,,,,,,,,,,,,,,,,,,,,,,,,,,,,,,,,,,,,,,,
35,Frikha_et_al.,2014,control,control,4,control,0,0,ROSS_308,2,male,1,1-15,16-22,1-22,"1,143.0000",50.0000,68.2000,1.3600,"2,638.5000",99.7000,186.3000,1.8700,"2,638.5000",70.1000,116.1000,1.6600,,2.8000,,,,,,,,,,,,,,,,,,,,,,,,,,,,,,,,,,,,,,,,,,,,,,,,,,,,,,,,,,,,,,,,,,,,,,,,,,,,,,,,,,,,,,,,,,,,,,,,,,,,,,,,,,,,,,,,,,,,,,,,,,,,,,,,,,,,,,,,,,,,,,
35,Frikha_et_al.,2014,hydrolyzed_porcine_mucosa,crude_peptide,3,feed,25000,2.5,ROSS_308,2,male,1,1-15,16-22,1-22,"1,173.8000",51.4000,68.3000,1.3300,"2,702.3000",101.9000,195.1000,1.9200,"2,702.3000",71.9000,119.7000,1.6700,,2.6000,,,,,,,,,,,,,,,,,,,,,,,,,,,,,,,,,,,,,,,,,,,,,,,,,,,,,,,,,,,,,,,,,,,,,,,,,,,,,,,,,,,,,,,,,,,,,,,,,,,,,,,,,,,,,,,,,,,,,,,,,,,,,,,,,,,,,,,,,,,,,,
35,Frikha_et_al.,2014,hydrolyzed_porcine_mucosa,crude_peptide,3,feed,50000,5,ROSS_308,2,male,1,1-15,16-22,1-22,"1,184.8000",51.9000,69.0000,1.3300,"2,719.3000",102.3000,193.4000,1.8900,"2,719.3000",72.3000,119.4000,1.6500,,3.0000,,,,,,,,,,,,,,,,,,,,,,,,,,,,,,,,,,,,,,,,,,,,,,,,,,,,,,,,,,,,,,,,,,,,,,,,,,,,,,,,,,,,,,,,,,,,,,,,,,,,,,,,,,,,,,,,,,,,,,,,,,,,,,,,,,,,,,,,,,,,,,
35,Frikha_et_al.,2014,hydrolyzed_porcine_mucosa,crude_peptide,3,feed,75000,7.5,ROSS_308,2,male,1,1-15,16-22,1-22,"1,138.6000",49.8000,66.2000,1.3300,"2,628.1000",99.3000,187.5000,1.8900,"2,628.1000",69.9000,115.4000,1.6500,,3.2000,,,,,,,,,,,,,,,,,,,,,,,,,,,,,,,,,,,,,,,,,,,,,,,,,,,,,,,,,,,,,,,,,,,,,,,,,,,,,,,,,,,,,,,,,,,,,,,,,,,,,,,,,,,,,,,,,,,,,,,,,,,,,,,,,,,,,,,,,,,,,,
36,Frikha_et_al.,2014,control,control,4,control,0,0,ROSS_308,2,male,1,1-15,16-22,1-22,"1,151.8000",50.4000,68.2000,1.3600,"2,701.3000",103.3000,194.3000,1.8800,"2,701.3000",71.8000,119.3000,1.6600,,2.8000,,,,,,,,,,,,,,,,,,,,,,,,,,,,,,,,,,,,,,,,,,,,,,,,,,,,,,,,,,,,,,,,,,,,,,,,,,,,,,,,,,,,,,,,,,,,,,,,,,,,,,,,,,,,,,,,,,,,,,,,,,,,,,,,,,,,,,,,,,,,,,
36,Frikha_et_al.,2014,hydrolyzed_porcine_mucosa,crude_peptide,3,feed,25000,2.5,ROSS_308,2,male,1,1-15,16-22,1-22,"1,195.8000",52.4000,70.1000,1.3400,"2,730.3000",102.3000,195.3000,1.9100,"2,730.3000",72.6000,120.9000,1.6600,,3.0000,,,,,,,,,,,,,,,,,,,,,,,,,,,,,,,,,,,,,,,,,,,,,,,,,,,,,,,,,,,,,,,,,,,,,,,,,,,,,,,,,,,,,,,,,,,,,,,,,,,,,,,,,,,,,,,,,,,,,,,,,,,,,,,,,,,,,,,,,,,,,,
36,Frikha_et_al.,2014,hydrolyzed_porcine_mucosa,crude_peptide,3,feed,50000,5,ROSS_308,2,male,1,1-15,16-22,1-22,"1,173.8000",51.4000,67.8000,1.3200,"2,763.8000",106.0000,196.7000,1.8600,"2,763.8000",73.5000,120.1000,1.6300,,3.2000,,,,,,,,,,,,,,,,,,,,,,,,,,,,,,,,,,,,,,,,,,,,,,,,,,,,,,,,,,,,,,,,,,,,,,,,,,,,,,,,,,,,,,,,,,,,,,,,,,,,,,,,,,,,,,,,,,,,,,,,,,,,,,,,,,,,,,,,,,,,,,
36,Frikha_et_al.,2014,hydrolyzed_porcine_mucosa,crude_peptide,3,feed,75000,7.5,ROSS_308,2,male,1,1-15,16-22,1-22,"1,176.0000",51.5000,68.6000,1.3300,"2,677.5000",100.1000,193.6000,1.9300,"2,677.5000",71.2000,119.3000,1.6800,,3.0000,,,,,,,,,,,,,,,,,,,,,,,,,,,,,,,,,,,,,,,,,,,,,,,,,,,,,,,,,,,,,,,,,,,,,,,,,,,,,,,,,,,,,,,,,,,,,,,,,,,,,,,,,,,,,,,,,,,,,,,,,,,,,,,,,,,,,,,,,,,,,,
37,Frikha_et_al.,2014,control,control,4,control,0,0,ROSS_308,2,male,1,1-15,16-22,1-22,"1,083.6000",47.3000,67.1000,1.4200,"2,345.1000",84.1000,157.6000,1.8700,"2,345.1000",62.2000,103.8000,1.6700,,,,,,,,,,73.3000,77.3000,69.5000,78.5000,,,,,,,,,,,,,,,,,,,,,,,,,,,,,,,,,,,,,,,,,,,,,,,,,,,,,,,,,,,,,,,,,,,,,,,,,,735.0000,491.0000,,97.0000,92.0000,,7.5773,5.3370,,,,,,,,,,,,,,,,,,,,,,,,,,,,,,,,,,,,,,,,,,,,,,,,,,
37,Frikha_et_al.,2014,hydrolyzed_porcine_mucosa,crude_peptide,3,feed,25000,2.5,ROSS_308,2,male,1,1-15,16-22,1-22,"1,176.0000",51.5000,70.9000,1.3700,"2,458.5000",85.5000,162.2000,1.9000,"2,458.5000",65.3000,107.9000,1.6500,,,,,,,,,,73.8000,77.9000,68.9000,79.4000,,,,,,,,,,,,,,,,,,,,,,,,,,,,,,,,,,,,,,,,,,,,,,,,,,,,,,,,,,,,,,,,,,,,,,,,,,728.0000,469.0000,,101.0000,90.0000,,7.2079,5.2111,,,,,,,,,,,,,,,,,,,,,,,,,,,,,,,,,,,,,,,,,,,,,,,,,,
37,Frikha_et_al.,2014,hydrolyzed_porcine_mucosa,crude_peptide,3,feed,50000,5,ROSS_308,2,male,1,1-15,16-22,1-22,"1,118.8000",48.9000,68.2000,1.4000,"2,464.3000",89.7000,165.0000,1.8400,"2,464.3000",65.4000,107.4000,1.6400,,,,,,,,,,73.8000,78.0000,67.7000,79.1000,,,,,,,,,,,,,,,,,,,,,,,,,,,,,,,,,,,,,,,,,,,,,,,,,,,,,,,,,,,,,,,,,,,,,,,,,,825.0000,520.0000,,108.0000,92.0000,,7.6389,5.6522,,,,,,,,,,,,,,,,,,,,,,,,,,,,,,,,,,,,,,,,,,,,,,,,,,
37,Frikha_et_al.,2014,hydrolyzed_porcine_mucosa,crude_peptide,3,feed,75000,7.5,ROSS_308,2,male,1,1-15,16-22,1-22,"1,114.4000",48.7000,67.7000,1.3900,"2,434.4000",88.0000,162.8000,1.8500,"2,434.4000",64.6000,106.3000,1.6400,,,,,,,,,,73.5000,77.7000,68.3000,79.0000,,,,,,,,,,,,,,,,,,,,,,,,,,,,,,,,,,,,,,,,,,,,,,,,,,,,,,,,,,,,,,,,,,,,,,,,,,738.0000,450.0000,,102.0000,84.0000,,7.2353,5.3571,,,,,,,,,,,,,,,,,,,,,,,,,,,,,,,,,,,,,,,,,,,,,,,,,,
38,Frikha_et_al.,2014,control,control,4,control,0,0,ROSS_308,2,male,1,1-15,16-22,1-22,"1,125.4000",49.2000,69.3000,1.4100,"2,448.4000",88.2000,161.8000,1.8400,"2,448.4000",65.0000,106.8000,1.6400,,,,,,,,,,74.0000,78.1000,69.1000,79.4000,,,,,,,,,,,,,,,,,,,,,,,,,,,,,,,,,,,,,,,,,,,,,,,,,,,,,,,,,,,,,,,,,,,,,,,,,,732.0000,484.0000,,99.0000,84.0000,,7.3939,5.7619,,,,,,,,,,,,,,,,,,,,,,,,,,,,,,,,,,,,,,,,,,,,,,,,,,
38,Frikha_et_al.,2014,hydrolyzed_porcine_mucosa,crude_peptide,3,feed,25000,2.5,ROSS_308,2,male,1,1-15,16-22,1-22,"1,154.0000",50.5000,71.0000,1.4100,"2,532.5000",91.9000,166.9000,1.8200,"2,532.5000",67.2000,109.9000,1.6300,,,,,,,,,,73.5000,77.7000,68.9000,79.2000,,,,,,,,,,,,,,,,,,,,,,,,,,,,,,,,,,,,,,,,,,,,,,,,,,,,,,,,,,,,,,,,,,,,,,,,,,715.0000,432.0000,,88.0000,89.0000,,8.1250,4.8539,,,,,,,,,,,,,,,,,,,,,,,,,,,,,,,,,,,,,,,,,,,,,,,,,,
38,Frikha_et_al.,2014,hydrolyzed_porcine_mucosa,crude_peptide,3,feed,50000,5,ROSS_308,2,male,1,1-15,16-22,1-22,"1,171.6000",51.3000,71.1000,1.3900,"2,625.1000",96.9000,176.9000,1.8300,"2,625.1000",69.8000,114.1000,1.6400,,,,,,,,,,73.6000,77.8000,68.4000,79.1000,,,,,,,,,,,,,,,,,,,,,,,,,,,,,,,,,,,,,,,,,,,,,,,,,,,,,,,,,,,,,,,,,,,,,,,,,,732.0000,430.0000,,101.0000,80.0000,,7.2475,5.3750,,,,,,,,,,,,,,,,,,,,,,,,,,,,,,,,,,,,,,,,,,,,,,,,,,
38,Frikha_et_al.,2014,hydrolyzed_porcine_mucosa,crude_peptide,3,feed,75000,7.5,ROSS_308,2,male,1,1-15,16-22,1-22,"1,156.2000",50.6000,69.4000,1.3700,"2,534.7000",91.9000,164.5000,1.8000,"2,534.7000",67.4000,108.0000,1.6000,,,,,,,,,,73.9000,78.2000,69.8000,79.7000,,,,,,,,,,,,,,,,,,,,,,,,,,,,,,,,,,,,,,,,,,,,,,,,,,,,,,,,,,,,,,,,,,,,,,,,,,709.0000,446.0000,,90.0000,84.0000,,7.8778,5.3095,,,,,,,,,,,,,,,,,,,,,,,,,,,,,,,,,,,,,,,,,,,,,,,,,,
39,Mateos_et_al.,2014,control,control,4,control,0,0,ROSS_308,2,unknown,3,1-21,22-32,1-32,971.2000,44.2000,60.6000,1.3700,"1,963.4000",90.2000,151.4000,1.6800,"1,963.4000",60.0000,91.8000,1.5300,,,,,,,,,,,,,,,,,,,,,,,,,,,,,,,,,,,,,,,,,,,,,,,,,,,,,,,,,,,,,,,,,,,,,,,,,,,,,,,,,,,,,,738.0000,,,146.0000,,,5.0548,,,,,,,,,,,,,,,,,,,,,,,,,,,,,,,,,,,,,,,,,,,,,,,,,,,,
39,Mateos_et_al.,2014,hydrolyzed_porcine_mucosa,crude_peptide,3,feed,25000,2.5,ROSS_308,2,unknown,3,1-21,22-32,1-32,983.8000,44.8000,60.1000,1.3300,"1,979.3000",90.5000,155.1000,1.7200,"1,979.3000",60.5000,92.7000,1.5300,,,,,,,,,,,,,,,,,,,,,,,,,,,,,,,,,,,,,,,,,,,,,,,,,,,,,,,,,,,,,,,,,,,,,,,,,,,,,,,,,,,,,,715.0000,,,142.0000,,,5.0352,,,,,,,,,,,,,,,,,,,,,,,,,,,,,,,,,,,,,,,,,,,,,,,,,,,,
40,Mateos_et_al.,2014,control,control,4,control,0,0,ROSS_308,2,unknown,3,1-21,unknown,1-21,930.9000,42.2333,58.3667,1.3820,,,,,,,,,,,,,,,,,,,,,,,,,,,,,,,,,,,,,,,,,,,,,,,,,,,,,,,,,,,,,,,,,,,,,,,,,,,,,,,,,,,,,,,,,,,,,,,,,,,,,,,,,,,,,,,,,,,,,,,,,,,,,,,,,,,,,,,,,,,,,,,,,,,,,,,,
40,Mateos_et_al.,2014,hydrolyzed_porcine_mucosa,crude_peptide,3,feed,25000,2.5,ROSS_308,2,unknown,3,1-21,unknown,1-21,953.3000,43.3000,58.6667,1.3549,,,,,,,,,,,,,,,,,,,,,,,,,,,,,,,,,,,,,,,,,,,,,,,,,,,,,,,,,,,,,,,,,,,,,,,,,,,,,,,,,,,,,,,,,,,,,,,,,,,,,,,,,,,,,,,,,,,,,,,,,,,,,,,,,,,,,,,,,,,,,,,,,,,,,,,,
41,Mateos_et_al.,2014,control,control,4,control,0,0,ROSS_308,2,unknown,3,1-21,unknown,1-21,968.7000,44.0333,60.0667,1.3641,,,,,,,,,,,,,,,,,,,,,,,,,,,,,,,,,,,,,,,,,,,,,,,,,,,,,,,,,,,,,,,,,,,,,,,,,,,,,,,,,,,,,,,,,,,,,,,,,,,,,,,,,,,,,,,,,,,,,,,,,,,,,,,,,,,,,,,,,,,,,,,,,,,,,,,,
41,Mateos_et_al.,2014,hydrolyzed_porcine_mucosa,crude_peptide,3,feed,25000,2.5,ROSS_308,2,unknown,3,1-21,unknown,1-21,994.6000,45.2667,60.0000,1.3255,,,,,,,,,,,,,,,,,,,,,,,,,,,,,,,,,,,,,,,,,,,,,,,,,,,,,,,,,,,,,,,,,,,,,,,,,,,,,,,,,,,,,,,,,,,,,,,,,,,,,,,,,,,,,,,,,,,,,,,,,,,,,,,,,,,,,,,,,,,,,,,,,,,,,,,,
42,Mateos_et_al.,2014,control,control,4,control,0,0,ROSS_308,2,unknown,3,1-21,unknown,1-21,"1,009.3000",45.9667,61.7333,1.3430,,,,,,,,,,,,,,,,,,,,,,,,,,,,,,,,,,,,,,,,,,,,,,,,,,,,,,,,,,,,,,,,,,,,,,,,,,,,,,,,,,,,,,,,,,,,,,,,,,,,,,,,,,,,,,,,,,,,,,,,,,,,,,,,,,,,,,,,,,,,,,,,,,,,,,,,
42,Mateos_et_al.,2014,hydrolyzed_porcine_mucosa,crude_peptide,3,feed,25000,2.5,ROSS_308,2,unknown,3,1-21,unknown,1-21,"1,004.4000",45.7333,60.8333,1.3302,,,,,,,,,,,,,,,,,,,,,,,,,,,,,,,,,,,,,,,,,,,,,,,,,,,,,,,,,,,,,,,,,,,,,,,,,,,,,,,,,,,,,,,,,,,,,,,,,,,,,,,,,,,,,,,,,,,,,,,,,,,,,,,,,,,,,,,,,,,,,,,,,,,,,,,,
43,Mateos_et_al.,2014,control,control,4,control,0,0,ROSS_308,2,unknown,3,1-21,unknown,1-21,983.4000,44.7333,62.5000,1.3972,,,,,,,,,,,,,,,,,,,,,,,,,,,,,,,,,,,,,,,,,,,,,,,,,,,,,,,,,,,,,,,,,,,,,,,,,,,,,,,,,,,,,,,,,,,,,,,,,,,,,,,,,,,,,,,,,,,,,,,,,,,,,,,,,,,,,,,,,,,,,,,,,,,,,,,,
43,Mateos_et_al.,2014,hydrolyzed_porcine_mucosa,crude_peptide,3,feed,25000,2.5,ROSS_308,2,unknown,3,1-21,unknown,1-21,988.3000,44.9667,60.3667,1.3425,,,,,,,,,,,,,,,,,,,,,,,,,,,,,,,,,,,,,,,,,,,,,,,,,,,,,,,,,,,,,,,,,,,,,,,,,,,,,,,,,,,,,,,,,,,,,,,,,,,,,,,,,,,,,,,,,,,,,,,,,,,,,,,,,,,,,,,,,,,,,,,,,,,,,,,,
44,Karimzadeh_et_al.,2016,control,control,4,control,0,0,ROSS_308,2,male,1,1-28,29-42,1-42,"1,152.9200",39.6400,57.7100,1.4600,"2,228.9200",76.8600,160.2900,2.0900,"2,228.9200",52.0500,109.0000,2.0900,,,,,,,,,,,,,,,,,,,,,,70.6400,71.5000,62.7400,,,,70.3200,,,,,,,,,,,,,,,,,,,,,,,,,,,,,,,,,,,,,,,,,,,,,,8.1900,,,,,8.4900,,,,,,,"1,857.6100","1,740.4300","1,582.2500",199.3600,193.5000,172.0000,9.3179,8.9945,9.1991,,,,,,,,,,,,,,,,,,,,,,,,,,,,,,,,,,,,,,,,,,,,,,,,,,
44,Karimzadeh_et_al.,2016,canola_bioactive_peptide,purified_peptide,4,feed,100,0.01,ROSS_308,2,male,1,1-28,29-42,1-42,"1,164.1200",40.0400,58.3600,1.4600,"2,240.1200",76.8600,159.9300,2.0800,"2,240.1200",52.3100,109.1500,2.0900,,,,,,,,,,,,,,,,,,,,,,74.5000,71.7000,74.8600,,,,65.6600,,,,,,,,,,,,,,,,,,,,,,,,,,,,,,,,,,,,,,,,,,,,,,7.9400,,,,,8.1200,,,,,,,"1,861.5000","1,748.3500","1,630.8300",191.6000,187.2500,175.5000,9.7156,9.3370,9.2925,,,,,,,,,,,,,,,,,,,,,,,,,,,,,,,,,,,,,,,,,,,,,,,,,,
44,Karimzadeh_et_al.,2016,canola_bioactive_peptide,purified_peptide,4,feed,150,0.015,ROSS_308,2,male,1,1-28,29-42,1-42,"1,164.9600",40.0700,57.3600,1.4300,"2,267.9600",78.7900,162.7100,2.0600,"2,267.9600",52.9800,110.0400,2.0800,,,,,,,,,,,,,,,,,,,,,,71.9000,71.9000,67.8000,,,,61.5000,,,,,,,,,,,,,,,,,,,,,,,,,,,,,,,,,,,,,,,,,,,,,,7.3000,,,,,7.8300,,,,,,,"1,867.5000","1,833.2500","1,583.0000",185.5000,181.5000,171.2500,10.0674,10.1006,9.2438,,,,,,,,,,,,,,,,,,,,,,,,,,,,,,,,,,,,,,,,,,,,,,,,,,
44,Karimzadeh_et_al.,2016,canola_bioactive_peptide,purified_peptide,4,feed,200,0.02,ROSS_308,2,male,1,1-28,29-42,1-42,"1,233.0000",42.5000,57.4600,1.3500,"2,374.0000",81.5000,161.7900,1.9900,"2,374.0000",55.5000,109.6300,1.9800,,,,,,,,,,,,,,,,,,,,,,67.7000,74.0000,61.5000,,,,71.0600,,,,,,,,,,,,,,,,,,,,,,,,,,,,,,,,,,,,,,,,,,,,,,7.0200,,,,,7.6400,,,,,,,"1,995.7500","1,838.5000","1,595.2500",178.5000,173.0000,165.5000,11.1807,10.6272,9.6390,,,,,,,,,,,,,,,,,,,,,,,,,,,,,,,,,,,,,,,,,,,,,,,,,,
44,Karimzadeh_et_al.,2016,canola_bioactive_peptide,purified_peptide,4,feed,250,0.025,ROSS_308,2,male,1,1-28,29-42,1-42,"1,273.0400",43.9300,58.1800,1.3200,"2,462.0400",84.9300,162.5700,1.9200,"2,462.0400",57.6000,110.3800,1.9200,,,,,,,,,,,,,,,,,,,,,,74.6000,74.3000,67.9000,,,,76.5400,,,,,,,,,,,,,,,,,,,,,,,,,,,,,,,,,,,,,,,,,,,,,,6.1500,,,,,6.5400,,,,,,,"2,007.5000","1,927.5000","1,775.7500",178.2500,170.7500,168.7500,11.2623,11.2884,10.5230,,,,,,,,,,,,,,,,,,,,,,,,,,,,,,,,,,,,,,,,,,,,,,,,,,
45,Karimzadeh_et_al.,2017,control,control,4,control,0,0,ROSS_308,2,male,1,1-28,29-42,1-42,,,,,,,,,,52.0500,91.9000,1.7700,,,,,,,,,,,,,,,,,,,,,,,,,,,,,,,,,,,,,,,3.4500,,,,140.0000,,40.2000,,,4.6900,,,,185.0000,,36.7000,,,,,,,,,,,,,,,,,,,,,,,,,,,,,,,,,,,,,,,,,,,,,,,,,,,,0.2000,0.5000,,,,,,,,,,,,,,,,,,,,,,,,2.3000,,,,,11.4000,,,,,,,,
45,Karimzadeh_et_al.,2017,canola_bioactive_peptide,purified_peptide,4,feed,100,0.01,ROSS_308,2,male,1,1-28,29-42,1-42,,,,,,,,,,52.3100,92.2400,1.7600,,,,,,,,,,,,,,,,,,,,,,,,,,,,,,,,,,,,,,,3.5500,,,,109.0000,,34.3000,,,3.7400,,,,127.0000,,37.8000,,,,,,,,,,,,,,,,,,,,,,,,,,,,,,,,,,,,,,,,,,,,,,,,,,,,0.2000,0.5000,,,,,,,,,,,,,,,,,,,,,,,,2.1000,,,,,10.8000,,,,,,,,
45,Karimzadeh_et_al.,2017,canola_bioactive_peptide,purified_peptide,4,feed,150,0.015,ROSS_308,2,male,1,1-28,29-42,1-42,,,,,,,,,,52.9800,92.4800,1.7500,,,,,,,,,,,,,,,,,,,,,,,,,,,,,,,,,,,,,,,3.7700,,,,105.0000,,36.3000,,,3.8200,,,,126.0000,,38.0000,,,,,,,,,,,,,,,,,,,,,,,,,,,,,,,,,,,,,,,,,,,,,,,,,,,,0.2000,0.5000,,,,,,,,,,,,,,,,,,,,,,,,2.7000,,,,,11.4000,,,,,,,,
45,Karimzadeh_et_al.,2017,canola_bioactive_peptide,purified_peptide,4,feed,200,0.02,ROSS_308,2,male,1,1-28,29-42,1-42,,,,,,,,,,55.5000,92.2600,1.6600,,,,,,,,,,,,,,,,,,,,,,,,,,,,,,,,,,,,,,,3.9100,,,,108.0000,,23.0000,,,2.7200,,,,119.0000,,41.7000,,,,,,,,,,,,,,,,,,,,,,,,,,,,,,,,,,,,,,,,,,,,,,,,,,,,0.2000,0.6000,,,,,,,,,,,,,,,,,,,,,,,,3.4000,,,,,18.7000,,,,,,,,
45,Karimzadeh_et_al.,2017,canola_bioactive_peptide,purified_peptide,4,feed,250,0.025,ROSS_308,2,male,1,1-28,29-42,1-42,,,,,,,,,,57.6000,92.9800,1.6100,,,,,,,,,,,,,,,,,,,,,,,,,,,,,,,,,,,,,,,3.8600,,,,106.0000,,22.3000,,,2.6200,,,,121.0000,,39.1000,,,,,,,,,,,,,,,,,,,,,,,,,,,,,,,,,,,,,,,,,,,,,,,,,,,,0.2000,0.6000,,,,,,,,,,,,,,,,,,,,,,,,3.2000,,,,,19.0000,,,,,,,,
46,Jzefiak_et_al.,2018,control,control,4,control,0,0,ROSS_308,2,female,2,1-8,9-35,1-35,197.0000,19.2500,25.5000,1.3350,"2,072.5000",69.4815,110.9259,1.6000,"2,072.5000",57.9857,91.3857,1.5800,,,,,,,,,,,,,,,,,,,,,,,,,,,,,,,,,,,,,,,,,,,,,,,,,,,,,,,,,,,,,,,,,,,,,,,,,,,,,,,,,,,,,,,,,,,,,,,,,,5.4850,6.2500,6.3000,,,,,,,,,,,,,,,,,,,,,,,,,,,,,,,,,,,,,,,,,,,,
46,Jzefiak_et_al.,2018,insect_peptide,crude_peptide,3,feed,1000,0.1,ROSS_308,2,female,2,1-8,9-35,1-35,201.0000,19.7500,26.0000,1.3200,"2,049.0000",68.4444,109.4074,1.6100,"2,049.0000",57.3143,90.3429,1.5800,,,,,,,,,,,,,,,,,,,,,,,,,,,,,,,,,,,,,,,,,,,,,,,,,,,,,,,,,,,,,,,,,,,,,,,,,,,,,,,,,,,,,,,,,,,,,,,,,,4.9100,5.9800,6.1300,,,,,,,,,,,,,,,,,,,,,,,,,,,,,,,,,,,,,,,,,,,,
46,Jzefiak_et_al.,2018,insect_peptide,crude_peptide,3,feed,2000,0.2,ROSS_308,2,female,2,1-8,9-35,1-35,196.0000,19.1250,25.6250,1.3400,"2,044.0000",68.4444,110.6296,1.6200,"2,044.0000",57.1714,91.2286,1.6000,,,,,,,,,,,,,,,,,,,,,,,,,,,,,,,,,,,,,,,,,,,,,,,,,,,,,,,,,,,,,,,,,,,,,,,,,,,,,,,,,,,,,,,,,,,,,,,,,,5.3300,6.3500,6.4200,,,,,,,,,,,,,,,,,,,,,,,,,,,,,,,,,,,,,,,,,,,,
47,Jzefiak_et_al.,2018,control,control,4,control,0,0,ROSS_308,2,female,2,1-8,9-35,1-35,197.0000,19.2500,25.5000,1.3350,"2,072.5000",69.4815,110.9259,1.6000,"2,072.5000",57.9857,91.3857,1.5800,,,,,,,,,,,,,,,,,,,,,,,,,,,,,,,,,,,,,,,,,,,,,,,,,,,,,,,,,,,,,,,,,,,,,,,,,,,,,,,,,,,,,,,,,,,,,,,,,,5.4850,6.2500,6.3000,,,,,,,,,,,,,,,,,,,,,,,,,,,,,,,,,,,,,,,,,,,,
47,Jzefiak_et_al.,2018,insect_peptide,crude_peptide,3,feed,1000,0.1,ROSS_308,2,female,2,1-8,9-35,1-35,196.0000,19.1250,26.2500,1.3700,"2,154.0000",72.5185,113.7407,1.5800,"2,154.0000",60.3143,93.7429,1.5700,,,,,,,,,,,,,,,,,,,,,,,,,,,,,,,,,,,,,,,,,,,,,,,,,,,,,,,,,,,,,,,,,,,,,,,,,,,,,,,,,,,,,,,,,,,,,,,,,,5.1500,6.5300,5.8900,,,,,,,,,,,,,,,,,,,,,,,,,,,,,,,,,,,,,,,,,,,,
47,Jzefiak_et_al.,2018,insect_peptide,crude_peptide,3,feed,2000,0.2,ROSS_308,2,female,2,1-8,9-35,1-35,200.0000,19.6250,26.5000,1.3500,"2,046.0000",68.3704,110.2963,1.6200,"2,046.0000",57.2286,91.1429,1.6000,,,,,,,,,,,,,,,,,,,,,,,,,,,,,,,,,,,,,,,,,,,,,,,,,,,,,,,,,,,,,,,,,,,,,,,,,,,,,,,,,,,,,,,,,,,,,,,,,,4.9700,6.5600,5.8000,,,,,,,,,,,,,,,,,,,,,,,,,,,,,,,,,,,,,,,,,,,,
48,Jzefiak_et_al.,2018,control,control,4,control,0,0,ROSS_308,2,female,2,1-8,9-35,1-35,197.0000,19.2500,25.5000,1.3350,"2,072.5000",69.4815,110.9259,1.6000,"2,072.5000",57.9857,91.3857,1.5800,,,,,,,,,,,,,,,,,,,,,,,,,,,,,,,,,,,,,,,,,,,,,,,,,,,,,,,,,,,,,,,,,,,,,,,,,,,,,,,,,,,,,,,,,,,,,,,,,,5.4850,6.2500,6.3000,,,,,,,,,,,,,,,,,,,,,,,,,,,,,,,,,,,,,,,,,,,,
48,Jzefiak_et_al.,2018,insect_peptide,crude_peptide,3,feed,1000,0.1,ROSS_308,2,female,2,1-8,9-35,1-35,199.0000,19.5000,25.3750,1.3100,"2,100.0000",70.4074,113.0370,1.6100,"2,100.0000",58.7714,93.0000,1.5800,,,,,,,,,,,,,,,,,,,,,,,,,,,,,,,,,,,,,,,,,,,,,,,,,,,,,,,,,,,,,,,,,,,,,,,,,,,,,,,,,,,,,,,,,,,,,,,,,,5.1000,6.6100,6.1800,,,,,,,,,,,,,,,,,,,,,,,,,,,,,,,,,,,,,,,,,,,,
48,Jzefiak_et_al.,2018,insect_peptide,crude_peptide,3,feed,2000,0.2,ROSS_308,2,female,2,1-8,9-35,1-35,200.0000,19.6250,26.5000,1.3500,"2,034.0000",67.9259,110.4444,1.6300,"2,034.0000",56.8857,91.2571,1.6100,,,,,,,,,,,,,,,,,,,,,,,,,,,,,,,,,,,,,,,,,,,,,,,,,,,,,,,,,,,,,,,,,,,,,,,,,,,,,,,,,,,,,,,,,,,,,,,,,,5.0700,6.6200,6.1600,,,,,,,,,,,,,,,,,,,,,,,,,,,,,,,,,,,,,,,,,,,,
49,Jzefiak_et_al.,2018,control,control,4,control,0,0,ROSS_308,2,female,2,1-8,9-35,1-35,197.0000,19.2500,25.5000,1.3350,"2,072.5000",69.4815,110.9259,1.6000,"2,072.5000",57.9857,91.3857,1.5800,,,,,,,,,,,,,,,,,,,,,,,,,,,,,,,,,,,,,,,,,,,,,,,,,,,,,,,,,,,,,,,,,,,,,,,,,,,,,,,,,,,,,,,,,,,,,,,,,,5.4850,6.2500,6.3000,,,,,,,,,,,,,,,,,,,,,,,,,,,,,,,,,,,,,,,,,,,,
49,Jzefiak_et_al.,2018,insect_peptide,crude_peptide,3,feed,1000,0.1,ROSS_308,2,female,2,1-8,9-35,1-35,201.0000,19.7500,25.3750,1.2900,"2,042.0000",68.1852,111.1481,1.6400,"2,042.0000",57.1143,91.5143,1.6100,,,,,,,,,,,,,,,,,,,,,,,,,,,,,,,,,,,,,,,,,,,,,,,,,,,,,,,,,,,,,,,,,,,,,,,,,,,,,,,,,,,,,,,,,,,,,,,,,,4.8400,6.5900,5.9400,,,,,,,,,,,,,,,,,,,,,,,,,,,,,,,,,,,,,,,,,,,,
49,Jzefiak_et_al.,2018,insect_peptide,crude_peptide,3,feed,2000,0.2,ROSS_308,2,female,2,1-8,9-35,1-35,194.0000,18.8750,24.7500,1.3200,"2,083.0000",69.9630,109.8148,1.5700,"2,083.0000",58.2857,90.4000,1.5500,,,,,,,,,,,,,,,,,,,,,,,,,,,,,,,,,,,,,,,,,,,,,,,,,,,,,,,,,,,,,,,,,,,,,,,,,,,,,,,,,,,,,,,,,,,,,,,,,,4.8800,6.4200,5.9800,,,,,,,,,,,,,,,,,,,,,,,,,,,,,,,,,,,,,,,,,,,,
50,Jzefiak_et_al.,2018,control,control,4,control,0,0,ROSS_308,2,female,2,1-14,15-35,1-35,415.0000,26.5700,38.7100,1.4600,"2,112.0000",80.8100,121.5700,1.5100,"2,112.0000",59.1100,88.4000,1.5100,,,,,,,,,,,,,,,,,,,,,,,,,,,,,,,,,,,,,,,,,,,,,,,,,,,,,,,,,,,,,,,,,,,,,,,8.2900,,8.2800,8.8000,,8.2800,,8.2700,9.7700,,,,,,,,,,,,,,,,,,,,,,,,,,,,,,,,,,,,,,,,,,,,,,,,,,,,,,,,,,,,,,,,,
50,Jzefiak_et_al.,2018,insect_peptide,crude_peptide,3,feed,2000,0.2,ROSS_308,2,female,2,1-14,15-35,1-35,422.0000,27.0700,38.0000,1.4100,"2,119.0000",80.8100,123.4300,1.5300,"2,119.0000",59.3100,89.2600,1.5100,,,,,,,,,,,,,,,,,,,,,,,,,,,,,,,,,,,,,,,,,,,,,,,,,,,,,,,,,,,,,,,,,,,,,,,8.3700,,8.2500,8.8000,,8.3200,,8.5400,9.7300,,,,,,,,,,,,,,,,,,,,,,,,,,,,,,,,,,,,,,,,,,,,,,,,,,,,,,,,,,,,,,,,,
51,Jzefiak_et_al.,2018,control,control,4,control,0,0,ROSS_308,2,female,2,1-14,15-35,1-35,415.0000,26.5700,38.7100,1.4600,"2,112.0000",80.8100,121.5700,1.5100,"2,112.0000",59.1100,88.4000,1.5100,,,,,,,,,,,,,,,,,,,,,,,,,,,,,,,,,,,,,,,,,,,,,,,,,,,,,,,,,,,,,,,,,,,,,,,8.2900,,8.2800,8.8000,,8.2800,,8.2700,9.7700,,,,,,,,,,,,,,,,,,,,,,,,,,,,,,,,,,,,,,,,,,,,,,,,,,,,,,,,,,,,,,,,,
51,Jzefiak_et_al.,2018,insect_peptide,crude_peptide,3,feed,2000,0.2,ROSS_308,2,female,2,1-14,15-35,1-35,426.0000,27.3600,38.2100,1.4000,"2,170.0000",83.0500,127.4300,1.5300,"2,170.0000",60.7700,91.7400,1.5100,,,,,,,,,,,,,,,,,,,,,,,,,,,,,,,,,,,,,,,,,,,,,,,,,,,,,,,,,,,,,,,,,,,,,,,8.3600,,8.4400,8.6300,,8.4300,,8.1700,9.5600,,,,,,,,,,,,,,,,,,,,,,,,,,,,,,,,,,,,,,,,,,,,,,,,,,,,,,,,,,,,,,,,,
52,Jzefiak_et_al.,2018,control,control,4,control,0,0,ROSS_308,2,female,2,1-14,15-35,1-35,415.0000,26.5700,38.7100,1.4600,"2,112.0000",80.8100,121.5700,1.5100,"2,112.0000",59.1100,88.4000,1.5100,,,,,,,,,,,,,,,,,,,,,,,,,,,,,,,,,,,,,,,,,,,,,,,,,,,,,,,,,,,,,,,,,,,,,,,8.2900,,8.2800,8.8000,,8.2800,,8.2700,9.7700,,,,,,,,,,,,,,,,,,,,,,,,,,,,,,,,,,,,,,,,,,,,,,,,,,,,,,,,,,,,,,,,,
52,Jzefiak_et_al.,2018,insect_peptide,crude_peptide,3,feed,2000,0.2,ROSS_308,2,female,2,1-14,15-35,1-35,430.0000,27.6400,38.9300,1.4100,"2,144.0000",81.6700,126.9000,1.5500,"2,144.0000",60.0300,91.7100,1.5300,,,,,,,,,,,,,,,,,,,,,,,,,,,,,,,,,,,,,,,,,,,,,,,,,,,,,,,,,,,,,,,,,,,,,,,8.3400,,8.0500,8.8100,,8.4500,,8.6000,9.8400,,,,,,,,,,,,,,,,,,,,,,,,,,,,,,,,,,,,,,,,,,,,,,,,,,,,,,,,,,,,,,,,,
53,Jzefiak_et_al.,2018,control,control,4,control,0,0,ROSS_308,2,female,2,1-21,22-41,1-41,783.0000,35.2381,50.8095,1.4400,"2,786.0000",100.1000,172.6000,1.7200,"2,786.0000",66.9024,110.2195,1.6500,,,,,,,,,,,,,,,,,,,,,,,,,,,,,,,,,,,,,,,,,,,,,,,,,,,,,,,,,,,,,,,,,,,,,,,8.2600,,8.4500,9.1000,,9.3200,,9.5200,10.2000,,,,,,,,,,,,,,,,,,,,,,,,,,,,,,,,,,,,,,,,,,,,,,,,,,,,,,,,,,,,,,,,,
53,Jzefiak_et_al.,2018,insect_peptide,crude_peptide,3,feed,500,0.05,ROSS_308,2,female,2,1-21,22-41,1-41,780.0000,35.0952,51.1905,1.4600,"2,809.0000",101.4500,174.2000,1.7200,"2,809.0000",67.4634,111.2195,1.6500,,,,,,,,,,,,,,,,,,,,,,,,,,,,,,,,,,,,,,,,,,,,,,,,,,,,,,,,,,,,,,,,,,,,,,,8.3200,,8.5800,9.3000,,9.1300,,9.4100,10.1600,,,,,,,,,,,,,,,,,,,,,,,,,,,,,,,,,,,,,,,,,,,,,,,,,,,,,,,,,,,,,,,,,
53,Jzefiak_et_al.,2018,insect_peptide,crude_peptide,3,feed,1000,0.1,ROSS_308,2,female,2,1-21,22-41,1-41,790.0000,35.5714,52.3810,1.4700,"2,821.0000",101.5500,175.8500,1.7300,"2,821.0000",67.7561,112.6098,1.6600,,,,,,,,,,,,,,,,,,,,,,,,,,,,,,,,,,,,,,,,,,,,,,,,,,,,,,,,,,,,,,,,,,,,,,,8.3000,,8.5700,9.3500,,9.0900,,9.3800,10.1800,,,,,,,,,,,,,,,,,,,,,,,,,,,,,,,,,,,,,,,,,,,,,,,,,,,,,,,,,,,,,,,,,
53,Jzefiak_et_al.,2018,insect_peptide,crude_peptide,3,feed,2000,0.2,ROSS_308,2,female,2,1-21,22-41,1-41,819.0000,36.9524,53.5238,1.4500,"2,883.0000",103.2000,177.2500,1.7200,"2,883.0000",69.2683,113.8780,1.6400,,,,,,,,,,,,,,,,,,,,,,,,,,,,,,,,,,,,,,,,,,,,,,,,,,,,,,,,,,,,,,,,,,,,,,,8.2100,,8.6300,9.3600,,9.1900,,9.4200,10.0700,,,,,,,,,,,,,,,,,,,,,,,,,,,,,,,,,,,,,,,,,,,,,,,,,,,,,,,,,,,,,,,,,
54,Bai_et_al.,2019,control,control,4,control,0,0,Arbor_Acres,1,mix,3,1-21,22-42,1-42,964.4000,38.3800,55.8100,1.5600,"2,679.0400",82.8100,166.3600,1.9000,"2,679.0400",111.9900,215.1800,1.8700,,,,,,,,,,,,,,,,,,,,,,,,,,,,,,,,,,,,,,,,,,,,,,,,,,,,,,,,,,,,,,,,8.0400,7.0400,,,,,,,,,,,,8.5300,8.0500,,,,,,,,,,,,,,,,,,,,,,,,,,,,,,,,,1.8500,30.4500,5.1200,33.6500,2.4900,0.9400,4.7900,1.5800,1.2600,5.0800,,,,,,,,,,,,,,,,,,,,,,,,
54,Bai_et_al.,2019,cecropin,purified_peptide,4,feed,300,0.03,Arbor_Acres,1,mix,3,1-21,22-42,1-42,965.1400,38.6800,56.4600,1.5500,"2,691.2300",83.8200,166.5200,1.8800,"2,691.2300",113.2200,215.3000,1.8500,,,,,,,,,,,,,,,,,,,,,,,,,,,,,,,,,,,,,,,,,,,,,,,,,,,,,,,,,,,,,,,,7.5100,6.7000,,,,,,,,,,,,8.5400,8.1300,,,,,,,,,,,,,,,,,,,,,,,,,,,,,,,,,2.2500,31.5000,5.2500,34.5000,2.5200,0.9600,5.1200,1.6400,1.2800,5.1200,,,,,,,,,,,,,,,,,,,,,,,,
54,Bai_et_al.,2019,cecropin,purified_peptide,4,feed,600,0.06,Arbor_Acres,1,mix,3,1-21,22-42,1-42,967.1400,38.5400,56.6000,1.5400,"2,713.0800",83.9800,168.5400,1.8900,"2,713.0800",118.1300,217.6200,1.7900,,,,,,,,,,,,,,,,,,,,,,,,,,,,,,,,,,,,,,,,,,,,,,,,,,,,,,,,,,,,,,,,7.3500,6.6400,,,,,,,,,,,,8.6200,8.1900,,,,,,,,,,,,,,,,,,,,,,,,,,,,,,,,,2.5000,35.2500,5.5000,37.5000,2.6500,1.0200,5.2100,1.8100,1.3200,5.4600,,,,,,,,,,,,,,,,,,,,,,,,
55,Bai_et_al.,2019,control,control,4,control,0,0,Arbor_Acres,1,mix,3,1-21,22-42,1-42,964.4000,38.3800,55.8100,1.5600,"2,679.0400",82.8100,166.3600,1.9000,"2,679.0400",111.9900,215.1800,1.8700,,,,,,,,,,,,,,,,,,,,,,,,,,,,,,,,,,,,,,,,,,,,,,,,,,,,,,,,,,,,,,,,8.0400,7.0400,,,,,,,,,,,,8.5300,8.0500,,,,,,,,,,,,,,,,,,,,,,,,,,,,,,,,,1.8500,30.4500,5.1200,33.6500,2.4900,0.9400,4.7900,1.5800,1.2600,5.0800,,,,,,,,,,,,,,,,,,,,,,,,
55,Bai_et_al.,2019,cecropin,purified_peptide,4,feed,300,0.03,Arbor_Acres,1,mix,3,1-21,22-42,1-42,966.1100,39.2500,56.8600,1.5400,"2,713.7900",83.9400,167.9400,1.8700,"2,713.7900",114.3200,216.4000,1.8100,,,,,,,,,,,,,,,,,,,,,,,,,,,,,,,,,,,,,,,,,,,,,,,,,,,,,,,,,,,,,,,,7.3200,6.5400,,,,,,,,,,,,8.7600,8.1700,,,,,,,,,,,,,,,,,,,,,,,,,,,,,,,,,2.5000,33.7500,5.5000,36.5000,2.5800,0.9900,5.1400,1.7800,1.3000,5.2400,,,,,,,,,,,,,,,,,,,,,,,,
55,Bai_et_al.,2019,cecropin,purified_peptide,4,feed,600,0.06,Arbor_Acres,1,mix,3,1-21,22-42,1-42,969.9400,38.9600,56.9800,1.5300,"2,731.4900",84.3400,169.3600,1.8800,"2,731.4900",115.4500,217.1200,1.7800,,,,,,,,,,,,,,,,,,,,,,,,,,,,,,,,,,,,,,,,,,,,,,,,,,,,,,,,,,,,,,,,7.2000,6.4200,,,,,,,,,,,,8.8300,8.2500,,,,,,,,,,,,,,,,,,,,,,,,,,,,,,,,,2.7500,37.2500,6.0000,39.5000,2.6800,1.0300,6.0500,1.8800,1.3500,5.5300,,,,,,,,,,,,,,,,,,,,,,,,
56,Bai_et_al.,2019,control,control,4,control,0,0,Arbor_Acres,1,mix,3,1-21,22-42,1-42,964.4000,38.3800,55.8100,1.5600,"2,679.0400",82.8100,166.3600,1.9000,"2,679.0400",111.9900,215.1800,1.8700,,,,,,,,,,,,,,,,,,,,,,,,,,,,,,,,,,,,,,,,,,,,,,,,,,,,,,,,,,,,,,,,8.0400,7.0400,,,,,,,,,,,,8.5300,8.0500,,,,,,,,,,,,,,,,,,,,,,,,,,,,,,,,,1.8500,30.4500,5.1200,33.6500,2.4900,0.9400,4.7900,1.5800,1.2600,5.0800,,,,,,,,,,,,,,,,,,,,,,,,
56,Bai_et_al.,2019,cecropin,purified_peptide,4,feed,300,0.03,Arbor_Acres,1,mix,3,1-21,22-42,1-42,977.0900,40.0500,57.0400,1.5100,"2,836.5600",86.9600,171.4400,1.8600,"2,836.5600",119.3800,218.8400,1.7200,,,,,,,,,,,,,,,,,,,,,,,,,,,,,,,,,,,,,,,,,,,,,,,,,,,,,,,,,,,,,,,,7.0500,6.2600,,,,,,,,,,,,9.1200,8.3400,,,,,,,,,,,,,,,,,,,,,,,,,,,,,,,,,3.0000,40.5000,6.5000,44.7500,2.7600,1.0600,6.4500,2.1600,1.3800,5.6400,,,,,,,,,,,,,,,,,,,,,,,,
56,Bai_et_al.,2019,cecropin,purified_peptide,4,feed,600,0.06,Arbor_Acres,1,mix,3,1-21,22-42,1-42,966.6800,39.6800,57.0000,1.5200,"2,740.2000",86.1200,169.6200,1.8700,"2,740.2000",117.3500,217.8600,1.7600,,,,,,,,,,,,,,,,,,,,,,,,,,,,,,,,,,,,,,,,,,,,,,,,,,,,,,,,,,,,,,,,7.0800,6.3000,,,,,,,,,,,,8.9400,8.2800,,,,,,,,,,,,,,,,,,,,,,,,,,,,,,,,,2.9000,39.2500,6.2500,42.5000,2.7200,1.0400,6.0900,1.9500,1.3600,5.5600,,,,,,,,,,,,,,,,,,,,,,,,
57,Bai_et_al.,2019,control,control,4,control,0,0,Arbor_Acres,1,mix,3,1-21,22-42,1-42,963.7000,38.1800,55.5200,1.5600,"2,608.7400",81.7200,166.0400,1.9200,"2,608.7400",109.9900,215.2200,1.8800,,,,,,,,,,,,,,,,,,,,,,,,,,,,,,,,,,,,,,,,,,,,,,,,,,,,,,,,,,,,,,,,8.1400,7.2400,,,,,,,,,,,,8.5000,7.8500,,,,,,,,,,,,,,,,,,,,,,,,,,,,,,,,,1.7500,29.2500,5.0000,32.2500,2.4800,0.9300,4.4800,1.5600,1.2500,5.0500,,,,,,,,,,,,,,,,,,,,,,,,
57,Bai_et_al.,2019,cecropin,purified_peptide,4,feed,300,0.03,Arbor_Acres,1,mix,3,1-21,22-42,1-42,964.4000,38.4800,56.1200,1.5600,"2,683.9400",83.2200,166.2800,1.8900,"2,683.9400",112.2900,215.2400,1.8600,,,,,,,,,,,,,,,,,,,,,,,,,,,,,,,,,,,,,,,,,,,,,,,,,,,,,,,,,,,,,,,,7.7400,6.8500,,,,,,,,,,,,8.5500,8.1000,,,,,,,,,,,,,,,,,,,,,,,,,,,,,,,,,2.1200,31.1000,5.1800,34.1000,2.5000,0.9500,4.8200,1.6100,1.2700,5.1000,,,,,,,,,,,,,,,,,,,,,,,,
58,Humphrey_et_al.,2018,control,control,4,control,0,0,Cobb_500,3,male,1,1-19,unknown,1-19,,,52.1800,1.3889,,,,,,,,,,,,,,,,,,,,,,,,,,,,,,,,,,,,,,,,,,,,,,,,,,,,,,,,,,,,,,,,,,,,,,,,,,,,,,,,,,,,,,,,,,,,,,743.0000,,365.0000,,,,,,,,,,,,,,,,,,,,,,,,,,,,,,,,,,,,,,,,,,,,,,,,,,,,,,,,
58,Humphrey_et_al.,2018,lactoferrin,purified_peptide,4,feed,5000,0.5,Cobb_500,3,male,1,1-19,unknown,1-19,,,49.0200,1.2987,,,,,,,,,,,,,,,,,,,,,,,,,,,,,,,,,,,,,,,,,,,,,,,,,,,,,,,,,,,,,,,,,,,,,,,,,,,,,,,,,,,,,,,,,,,,,,882.0000,,421.0000,,,,,,,,,,,,,,,,,,,,,,,,,,,,,,,,,,,,,,,,,,,,,,,,,,,,,,,,
59,Humphrey_et_al.,2018,control,control,4,control,0,0,Cobb_500,3,male,1,1-19,unknown,1-19,,,52.2800,1.3889,,,,,,,,,,,,,,,,,,,,,,,,,,,,,,,,,,,,,,,,,,,,,,,,,,,,,,,,,,,,,,,,,,,,,,,,,,,,,,,,,,,,,,,,,,,,,,743.0000,,365.0000,,,,,,,,,,,,,,,,,,,,,,,,,,,,,,,,,,,,,,,,,,,,,,,,,,,,,,,,
59,Humphrey_et_al.,2018,lysozyme,purified_peptide,4,feed,10000,1,Cobb_500,3,male,1,1-19,unknown,1-19,,,48.0500,1.2987,,,,,,,,,,,,,,,,,,,,,,,,,,,,,,,,,,,,,,,,,,,,,,,,,,,,,,,,,,,,,,,,,,,,,,,,,,,,,,,,,,,,,,,,,,,,,,884.0000,,405.0000,,,,,,,,,,,,,,,,,,,,,,,,,,,,,,,,,,,,,,,,,,,,,,,,,,,,,,,,
60,Ohh_et_al.,2010,control,control,4,control,0,0,ROSS_308,2,unknown,3,1-21,22-42,1-42,727.1300,32.5200,55.1900,1.7000,"2,742.3500",64.2400,126.7100,1.8800,"2,742.3500",96.7600,181.9000,1.8800,,,,,,,,,,74.5000,,61.3000,,,,,,,,,,74.2000,,60.9000,,,,,,,,,,,,,,,,,,,,,,,,,,,,,,,,,,,,,,,,,,,5.2800,,8.1700,,,,,,,,,,,4.0600,,8.4400,,,,,,,,,,,,,,,,,,,,,,,,,,,,,,,,,,,,,,,,,,,,,,,,,,,,,,,,,,,,,,
60,Ohh_et_al.,2010,potato_protein,crude_peptide,3,feed,2500,0.25,ROSS_308,2,unknown,3,1-21,22-42,1-42,746.2400,33.4300,56.1400,1.6800,"2,764.1900",64.7600,125.4300,1.8500,"2,764.1900",98.1900,181.5700,1.8500,,,,,,,,,,75.7000,,62.0000,,,,,,,,,,75.0000,,61.4000,,,,,,,,,,,,,,,,,,,,,,,,,,,,,,,,,,,,,,,,,,,5.2500,,8.0800,,,,,,,,,,,4.0100,,8.3400,,,,,,,,,,,,,,,,,,,,,,,,,,,,,,,,,,,,,,,,,,,,,,,,,,,,,,,,,,,,,,
60,Ohh_et_al.,2010,potato_protein,crude_peptide,3,feed,5000,0.5,ROSS_308,2,unknown,3,1-21,22-42,1-42,754.2200,33.8100,57.2900,1.6900,"2,774.2700",65.0000,127.0500,1.8700,"2,774.2700",98.8100,184.3300,1.8700,,,,,,,,,,76.6000,,62.3000,,,,,,,,,,74.8000,,60.7000,,,,,,,,,,,,,,,,,,,,,,,,,,,,,,,,,,,,,,,,,,,5.1900,,8.1000,,,,,,,,,,,3.9200,,8.1500,,,,,,,,,,,,,,,,,,,,,,,,,,,,,,,,,,,,,,,,,,,,,,,,,,,,,,,,,,,,,,
60,Ohh_et_al.,2010,potato_protein,crude_peptide,3,feed,7500,0.75,ROSS_308,2,unknown,3,1-21,22-42,1-42,742.2500,33.2400,55.3300,1.6700,"2,754.1100",64.5200,122.0000,1.8200,"2,754.1100",97.7600,177.3300,1.8200,,,,,,,,,,75.6000,,62.6000,,,,,,,,,,75.9000,,62.0000,,,,,,,,,,,,,,,,,,,,,,,,,,,,,,,,,,,,,,,,,,,5.0600,,7.9800,,,,,,,,,,,3.6900,,7.9500,,,,,,,,,,,,,,,,,,,,,,,,,,,,,,,,,,,,,,,,,,,,,,,,,,,,,,,,,,,,,,
61,Daneshmand_et_al.,2019,control,control,4,control,0,0,Cobb_500,3,male,1,1-22,unknown,1-22,"1,205.1300",52.9150,56.4295,1.0664,,,,,,,,,,,,,,,,,,,,,,,,,,,,,,,,,,,,,,,,,,,,,,,,,,,,,,,,,,,,,,,,,,5.4500,4.0900,7.3600,,,,,,,,,,,,,,,,,,,,,,,,,,,827.0000,,,201.0000,,,4.1144,,,,,,,,,,,,,,,,,,,,,,,,,,,,,,,,,,,,,,,,,,,,,,,,,,,
61,Daneshmand_et_al.,2019,camel_lactoferrin,purified_peptide,4,feed,20,0.002,Cobb_500,3,male,1,1-22,unknown,1-22,"1,250.4500",54.9750,47.8430,0.8703,,,,,,,,,,,,,,,,,,,,,,,,,,,,,,,,,,,,,,,,,,,,,,,,,,,,,,,,,,,,,,,,,,4.6800,3.7200,6.6900,,,,,,,,,,,,,,,,,,,,,,,,,,,"1,140.0000",,,171.0000,,,6.6667,,,,,,,,,,,,,,,,,,,,,,,,,,,,,,,,,,,,,,,,,,,,,,,,,,,
62,Oblakova_et_al.,2015,control,control,4,control,0,0,ROSS_308,2,male,1,1-21,22-49,1-49,963.0200,43.7600,64.9900,1.4900,"3,066.6600",75.1300,144.1400,1.9200,"3,066.6600",61.6869,104.9757,1.7000,2.0000,,,,,,,,,,,,,,,,,,,,,,,,,,,,76.5002,29.8095,,0.9591,,,,,,,,,,,,,,,,,,,,,,,,,,,,,,,,,,,,,,,,,,,,,,,,,,,,,,,,,,,,,,,,,,,,,,,,,,,,,,,,,,,,,,,,,,,,,,,,,,,,,,,,,,,,,,,,
62,Oblakova_et_al.,2015,natstim,purified_peptide,4,feed,300,0.03,ROSS_308,2,male,1,1-21,22-49,1-49,"1,034.3400",47.1600,68.4000,1.4500,"3,250.0000",79.1300,148.4900,1.8800,"3,250.0000",65.4286,108.8404,1.6600,0.0000,,,,,,,,,,,,,,,,,,,,,,,,,,,,74.8154,32.2846,,0.8497,,,,,,,,,,,,,,,,,,,,,,,,,,,,,,,,,,,,,,,,,,,,,,,,,,,,,,,,,,,,,,,,,,,,,,,,,,,,,,,,,,,,,,,,,,,,,,,,,,,,,,,,,,,,,,,,
63,Geier_et_al.,2011,control,control,4,control,0,0,Cobb_500,3,male,1,1-24,25-32,1-32,,,,,,,,,,,,,,,,,,,,,,,,,,,,,,,,,,,,,,,,,,,,,,,,,,,,,,,,,,,,,,,,,,,,,,,,,,,,,,,,,,,,,,,,,,,,,,,,,,,,773.0000,,,171.0000,,,4.5205,,,,,,,,,,,,,,,3.2100,1.5700,,,,,,,,,,,,,,,,,,,,,,,,,,,,,,,,,,
63,Geier_et_al.,2011,bovine_lactoferrin,purified_peptide,4,feed,250,0.025,Cobb_500,3,male,1,1-24,25-32,1-32,,,,,,,,,,,,,,,,,,,,,,,,,,,,,,,,,,,,,,,,,,,,,,,,,,,,,,,,,,,,,,,,,,,,,,,,,,,,,,,,,,,,,,,,,,,,,,,,,,,,795.0000,,,172.0000,,,4.6221,,,,,,,,,,,,,,,3.7000,1.8600,,,,,,,,,,,,,,,,,,,,,,,,,,,,,,,,,,
63,Geier_et_al.,2011,bovine_lactoferrin,purified_peptide,4,feed,500,0.05,Cobb_500,3,male,1,1-24,25-32,1-32,,,,,,,,,,,,,,,,,,,,,,,,,,,,,,,,,,,,,,,,,,,,,,,,,,,,,,,,,,,,,,,,,,,,,,,,,,,,,,,,,,,,,,,,,,,,,,,,,,,,814.0000,,,170.0000,,,4.7882,,,,,,,,,,,,,,,3.6300,1.9600,,,,,,,,,,,,,,,,,,,,,,,,,,,,,,,,,,
64,Ali_and_Mohanny,2014,control,control,4,control,0,0,ROSS_308,2,mix,3,1-21,22-42,1-42,829.1700,37.1000,58.9000,1.5900,"2,233.6300",66.8800,137.3000,2.0800,"2,233.6300",51.9900,98.1000,1.9000,,,,,,,,,,,,,,,,,,,,,,,,,,,,,,,,,,,,,,,5.7100,3.2200,2.4900,1.2932,124.2700,"1,037.2600",,,,72.7100,19.6800,5.4900,3.5847,2.8600,1.0000,,,,,,,,,,,,,,,,,,,,,,,,,,,,,,,,,,,,,,,,,,,,,,,,,,,,,,,,,,,,9.0700,,,,,,,,19.6800,72.7100,,,,,,18.8400,76.5800,,,,,,,,,,,,,,,
64,Ali_and_Mohanny,2014,bee_venom,purified_peptide,4,injected,0.5,5E-05,ROSS_308,2,mix,3,1-21,22-42,1-42,783.3300,34.9200,56.5600,1.6200,"2,187.5000",66.8700,129.6600,1.9500,"2,187.5000",50.8900,93.1100,1.8300,,,,,,,,,,,,,,,,,,,,,,,,,,,,,,,,,,,,,,,4.9800,2.7100,2.2700,1.1938,124.1500,"1,055.9600",,,,75.4400,18.9300,5.0200,3.7709,2.4200,1.1200,,,,,,,,,,,,,,,,,,,,,,,,,,,,,,,,,,,,,,,,,,,,,,,,,,,,,,,,,,,,9.8100,,,,,,,,18.9300,75.4400,,,,,,18.6300,76.8400,,,,,,,,,,,,,,,
64,Ali_and_Mohanny,2014,bee_venom,purified_peptide,4,injected,1,0.0001,ROSS_308,2,mix,3,1-21,22-42,1-42,808.3300,36.1100,57.1100,1.5800,"2,290.4800",70.5800,126.3900,1.7900,"2,290.4800",53.3400,91.7500,1.7200,,,,,,,,,,,,,,,,,,,,,,,,,,,,,,,,,,,,,,,5.6000,2.8900,2.7100,1.0664,130.5400,"1,050.5300",,,,71.4000,18.1900,5.3800,3.3810,2.7800,0.9300,,,,,,,,,,,,,,,,,,,,,,,,,,,,,,,,,,,,,,,,,,,,,,,,,,,,,,,,,,,,10.6500,,,,,,,,18.1900,71.4000,,,,,,18.4900,80.4000,,,,,,,,,,,,,,,
64,Ali_and_Mohanny,2014,bee_venom,purified_peptide,4,injected,1.5,0.00015,ROSS_308,2,mix,3,1-21,22-42,1-42,785.4200,35.0200,56.6800,1.6200,"2,183.3300",66.5700,121.2300,1.8200,"2,183.3300",50.7900,88.9500,1.7500,,,,,,,,,,,,,,,,,,,,,,,,,,,,,,,,,,,,,,,5.1400,2.9200,2.2200,1.3153,117.1200,"1,070.3600",,,,71.1700,18.1700,5.4700,3.3218,2.7100,1.0500,,,,,,,,,,,,,,,,,,,,,,,,,,,,,,,,,,,,,,,,,,,,,,,,,,,,,,,,,,,,10.4400,,,,,,,,18.1700,71.1700,,,,,,19.8300,81.0800,,,,,,,,,,,,,,,
65,Aguirre_et_al.,2015,control,control,4,control,0,0,Cobb_500,3,unknown,3,8-28,29-42,8-42,"1,190.0000",49.0000,82.8571,1.6900,"1,862.0000",48.0000,141.5714,2.9900,"1,862.0000",48.6000,106.3429,2.1900,,,,,,,,,,,,70.1000,78.6300,,"2,578.0000",,,,,,,,,,,,,,,,,,,,,,,,,,,,,,,,,,,,,,,,,,,,,,,,,,,,,,,,,,,,,,,,,,,,,,,673.1100,,,411.9700,,,1.6339,,,,,,,,,,,,,,,,,,,,,,,,,,,,,,,,,,,,,,,,,,,,,,,,,,,,
65,Aguirre_et_al.,2015,bovine_lactoferrin,purified_peptide,4,feed,130,0.013,Cobb_500,3,unknown,3,8-28,29-42,8-42,"1,223.0000",50.6190,81.4762,1.6100,"2,018.0000",56.7857,142.8571,2.5200,"2,018.0000",53.0857,106.0000,1.9900,,,,,,,,,,,,72.5900,82.3500,,"2,647.0000",,,,,,,,,,,,,,,,,,,,,,,,,,,,,,,,,,,,,,,,,,,,,,,,,,,,,,,,,,,,,,,,,,,,,,,"1,078.7400",,,279.5500,,,3.8588,,,,,,,,,,,,,,,,,,,,,,,,,,,,,,,,,,,,,,,,,,,,,,,,,,,,
65,Aguirre_et_al.,2015,bovine_lactoferrin,purified_peptide,4,feed,260,0.026,Cobb_500,3,unknown,3,8-28,29-42,8-42,"1,243.0000",51.4762,79.1429,1.5400,"2,103.0000",61.5000,138.7143,2.2700,"2,103.0000",55.4857,102.9714,1.8600,,,,,,,,,,,,71.8700,84.2500,,"2,819.0000",,,,,,,,,,,,,,,,,,,,,,,,,,,,,,,,,,,,,,,,,,,,,,,,,,,,,,,,,,,,,,,,,,,,,,,"1,247.5000",,,301.3000,,,4.1404,,,,,,,,,,,,,,,,,,,,,,,,,,,,,,,,,,,,,,,,,,,,,,,,,,,,
65,Aguirre_et_al.,2015,bovine_lactoferrin,purified_peptide,4,feed,520,0.052,Cobb_500,3,unknown,3,8-28,29-42,8-42,"1,188.0000",49.0476,80.5238,1.6400,"2,012.0000",58.8571,142.9286,2.4500,"2,012.0000",52.9714,105.4857,1.9900,,,,,,,,,,,,62.1500,78.2300,,"2,534.0000",,,,,,,,,,,,,,,,,,,,,,,,,,,,,,,,,,,,,,,,,,,,,,,,,,,,,,,,,,,,,,,,,,,,,,,926.5600,,,335.2400,,,2.7639,,,,,,,,,,,,,,,,,,,,,,,,,,,,,,,,,,,,,,,,,,,,,,,,,,,,
66,Beski_et_al.,2015,control,control,4,control,0,0,ROSS_308,2,male,1,1-24,25-35,1-35,"1,394.1000",56.0015,63.8417,1.1400,"2,690.1000",117.8182,234.9636,1.9943,"2,690.1000",75.8857,117.6229,1.5500,9.5000,,,,,,,,,,,,,,,,,,,,,,,,,,,,,,,,,,3.1000,,,,,,,,,,,,,,,,,,,,,,,,,,,,,,,,,,,,,,,,,,,,,,,,,,,,,,,,,,,,,,,,,,,,,,,,,,,,,,,,0.1400,0.0600,0.2000,0.2200,0.0800,0.1700,,,,,,,,,,,,,,,,,,,,,,,,
66,Beski_et_al.,2015,spray_dried_porcine_plasma,crude_peptide,3,feed,10000,1,ROSS_308,2,male,1,1-24,25-35,1-35,"1,390.5000",56.0290,64.4333,1.1500,"2,676.7000",116.9273,240.3364,2.0554,"2,676.7000",75.2938,119.7171,1.5900,13.1000,,,,,,,,,,,,,,,,,,,,,,,,,,,,,,,,,,2.9000,,,,,,,,,,,,,,,,,,,,,,,,,,,,,,,,,,,,,,,,,,,,,,,,,,,,,,,,,,,,,,,,,,,,,,,,,,,,,,,,0.2200,0.0800,0.2400,0.1800,0.0800,0.1300,,,,,,,,,,,,,,,,,,,,,,,,
66,Beski_et_al.,2015,spray_dried_porcine_plasma,crude_peptide,3,feed,20000,2,ROSS_308,2,male,1,1-24,25-35,1-35,"1,361.6000",54.7332,62.3958,1.1400,"2,690.7000",120.8273,235.3545,1.9479,"2,690.7000",75.3253,116.7543,1.5500,4.8000,,,,,,,,,,,,,,,,,,,,,,,,,,,,,,,,,,2.9000,,,,,,,,,,,,,,,,,,,,,,,,,,,,,,,,,,,,,,,,,,,,,,,,,,,,,,,,,,,,,,,,,,,,,,,,,,,,,,,,0.1900,0.0800,0.1900,0.1800,0.0700,0.1700,,,,,,,,,,,,,,,,,,,,,,,,
67,Enany_et_al.,2017,control,control,4,control,0,0,Hubbard,7,mix,3,unknown,unknown,1-42,,,,,,,,,"1,779.4000",41.2331,,,,,,,,,,,,,,,,,,,,,,,,,,,,,,,,,,,,,,,,,,,,,,,,,,,,,,,,,,,,,,,,,,,,,,,,,,,,,,,,,,,,,,,,,,,,,,,,,,,,,,,,,,,,,,,,,5.8900,,6.4700,,,,,,,,,,,,,,,,,,,,,,,,,,,,,,,
67,Enany_et_al.,2017,lactoferrin,purified_peptide,4,feed,250,0.025,Hubbard,7,mix,3,unknown,unknown,1-42,,,,,,,,,"2,221.8000",51.8162,,,,,,,,,,,,,,,,,,,,,,,,,,,,,,,,,,,,,,,,,,,,,,,,,,,,,,,,,,,,,,,,,,,,,,,,,,,,,,,,,,,,,,,,,,,,,,,,,,,,,,,,,,,,,,,,,6.4200,,7.0100,,,,,,,,,,,,,,,,,,,,,,,,,,,,,,,
68,Wang_et_al.,2020,control,control,4,control,0,0,Arbor_Acres,1,male,1,1-21,22-42,1-42,917.2394,41.5828,59.0476,1.4200,"2,496.6316",75.2091,162.8571,2.1700,"2,496.6316",116.7920,221.9048,1.9000,5.0300,,,,,,,,,,,,,,,,,,,,,,,,,,,,,,,,,,,,,,,,,,,,,,,,,,,,,,,,,,,,,,,,,,,,,,,,,,,,,,,,,,,,,636.2700,303.5700,242.0000,90.5600,97.9400,75.1100,7.0259,3.0996,3.2219,,,,,,,,,,,,,,,,,,,,,,,,,,,,,,,,,,,,,,,,,,,,,,,,,,
68,Wang_et_al.,2020,microcin_j28,purified_peptide,4,feed,0.5,5E-05,Arbor_Acres,1,male,1,1-21,22-42,1-42,950.4748,43.1655,60.0000,1.3900,"2,554.9890",76.4054,157.6190,2.0600,"2,554.9890",119.5709,217.6190,1.8200,2.7800,,,,,,,,,,,,,,,,,,,,,,,,,,,,,,,,,,,,,,,,,,,,,,,,,,,,,,,,,,,,,,,,,,,,,,,,,,,,,,,,,,,,,686.0400,325.1500,236.1900,90.2000,96.6600,60.7200,7.6058,3.3639,3.8898,,,,,,,,,,,,,,,,,,,,,,,,,,,,,,,,,,,,,,,,,,,,,,,,,,
68,Wang_et_al.,2020,microcin_j28,purified_peptide,4,feed,1,0.0001,Arbor_Acres,1,male,1,1-21,22-42,1-42,936.8571,42.5170,59.5238,1.4000,"2,557.6612",77.1811,159.5238,2.0700,"2,557.6612",119.6982,219.0476,1.8300,2.4300,,,,,,,,,,,,,,,,,,,,,,,,,,,,,,,,,,,,,,,,,,,,,,,,,,,,,,,,,,,,,,,,,,,,,,,,,,,,,,,,,,,,,695.0500,331.4700,242.5600,91.4200,96.3700,60.5300,7.6028,3.4396,4.0073,,,,,,,,,,,,,,,,,,,,,,,,,,,,,,,,,,,,,,,,,,,,,,,,,,
