study,author,year,paper,doi,peptide,type,source,molecular_weight_dalton,mature_sequence,gram_negative_inhibition,gram_positive_inhibition,fungi_inhibition,yeast_inhibition,mic_Acinetobacter_baumannii,mic_Aeromonas_hydrophila,mic_Aeromonas_sobria,mic_Alcaligenes_faecalis,mic_Borrelia_burgdorferi,mic_Edwardsiella_tarda,mic_Enterobacter_aerogenes,mic_Enterobacter_cloacae,mic_Erwinia_carolovora,mic_Escherichia_coli,mic_Klebsiella_pneumoniae,mic_Listonella_anguillarum,mic_Pseudomonas_aeruginosa,mic_Pseudomonas_entomophila,mic_Pseudomonas_fluorescens,mic_Pseudomonas_putida,mic_Pseudomonas_syringae,mic_Ralstonia_solanacearum,mic_Salmonella_choleraesuis,mic_Salmonella_Enteritidis,mic_Salmonella_typhimurium,mic_Serratia_marcescens,mic_Vibrio_alginolyticus,mic_Vibrio_metschnikovii,mic_Xanthomonas_campestris,Mic_Aerococcus_viridans,mic_Bacillus_alvei,mic_Bacillus_cereus,mic_Bacillus_megaterium,mic_Bacillus_pumilus,mic_Bacillus_subtilis,mic_Bacillus_thuringiensis,mic_Bacillus_thuringiensis_tenebrionis,mic_Bacillus_thuringiensis_kumamotoensis,mic_Bacillus_thuringiensis_tolworthi,mic_Bifidobacterium_sp.,mic_Corynebacterium_renale,mic_Corynebacterium_glutamicum,mic_Enterococcus_faecalis,mic_Listeria_monocytogenes,mic_Listeria_fleischmannii,mic_Listeria_grayi,mic_Listeria_marthii,mic_Listeria_innocua,mic_Listeria_ivanovii,mic_Listeria_welshimeri,mic_Listeria_seeligeri,mic_Micrococcus_luteus,mic_Micrococcus_lysodeikticus,mic_Mycobacterium_bovis,mic_Staphylococcus_aureus,mic_Staphylococcus_epidermidis,mic_Staphylococcus_haemolyticus,mic_Streptococcus_pyogenes,mic_Staphylococcus_saprophyticus,mic_Streptococcus_suis,mic_Alternaria_brassicicola,mic_Aspergillus_fumigatus,mic_Beauveria_bassiana,mic_Botrytis_cinerea,mic_Fusarium_culmorum,mic_Fusarium_oxysporum,mic_Nectria_haematococca,mic_Neurospora_crassa,mic_Penicillium_crustosum,mic_Pichia_pastoris,mic_Pyricularia_grisea,mic_Pleomorphomonas_oryzae,mic_Trichoderma_viride,mic_Trichophyton_mentagrophytes,mic_Valsa_mali,mic_Candida_albicans,mic_Candida_glabrata,mic_Cryptococcus_neoformans,mic_Geotrichum_candidum,mic_Saccharomyces_cerevisiae
1,Vizioli_et_al.,2000,"Cloning and analysis of a cecropin gene from the malaria vector mosquito, Anopheles gambiae",10.1046/j.1365-2583.2000.00164.x,CecropinA1,alpha_helical,Anopheles_gambiae,3530.2,LKKLGKKIE,99.77,96.20,95.60,92.21,,,,1.7500,,,,0.7500,0.7500,0.7438,1.7500,,1.7500,,,,,,,,1.7500,,,,1.5000,,,75.0000,3.0000,,,,,,,,,,,,,,,,,,,3.0000,,,75.0000,17.5000,1.7500,1.7500,1.7500,,,7.5000,,7.5000,3.0000,13.0000,,13.0000,,,,,,,,1.7500,,7.5000,,37.5000
1,Vizioli_et_al.,2000,"Cloning and analysis of a cecropin gene from the malaria vector mosquito, Anopheles gambiae",10.1046/j.1365-2583.2000.00164.x,CecropinA_Gly_extended,alpha_helical,Anopheles_gambiae,3588.2,GRLKKLGKKI,99.69,99.01,95.40,80.96,,,,3.7500,,,,0.7500,0.7500,0.7438,1.7500,,1.7500,,,,,,,,3.7500,,,,1.5000,,,,3.0000,,,,,,,,,,,,,,,,,,,3.0000,,,,,3.7500,1.7500,17.5000,,,17.5000,,7.5000,3.0000,13.0000,,5.0000,,,,,,,,1.7500,,37.5000,,75.0000
1,Vizioli_et_al.,2000,"Cloning and analysis of a cecropin gene from the malaria vector mosquito, Anopheles gambiae",10.1046/j.1365-2583.2000.00164.x,Cecropin1,alpha_helical,,,,99.44,99.11,96.44,0.00,,,,17.5000,,,,0.7500,0.7500,0.7438,1.7500,,1.7500,,,,,,,,1.7500,,,,1.5000,,,,3.0000,,,,,,,,,,,,,,,,,,,7.5000,,,,,,,,,,,,7.5000,3.0000,13.0000,,5.0000,,,,,,,,,,,,
2,Urban_et_al.,2001,Polymyxin B-Resistant Acinetobacter baumannii Clinical Isolate Susceptible to Recombinant BPI21 and Cecropin P1,10.1128/AAC.45.3.994–995.2001,rBP1,alpha_helical,,,,99.49,0.00,0.00,0.00,3.0000,,,,,,,,,,,,,,,,,,,,,,,,,,,,,,,,,,,,,,,,,,,,,,,,,,,,,,,,,,,,,,,,,,,,,,,,,,,
2,Urban_et_al.,2001,Polymyxin B-Resistant Acinetobacter baumannii Clinical Isolate Susceptible to Recombinant BPI21 and Cecropin P1,10.1128/AAC.45.3.994–995.2001,Cecropin_P1_1,alpha_helical,,,,99.66,0.00,0.00,0.00,2.0000,,,,,,,,,,,,,,,,,,,,,,,,,,,,,,,,,,,,,,,,,,,,,,,,,,,,,,,,,,,,,,,,,,,,,,,,,,,
3,Giacometti_et_al.,2003,"Comparative activities of cecropin A, melittin, and cecropin A–melittin peptide CA(1–7)M(2–9)NH2 against multidrug-resistant nosocomial isolates of Acinetobacter baumannii",10.1016/j.peptides.2003.08.003,CecropinA2,alpha_helical,,,,91.58,0.00,0.00,0.00,49.5588,,,,,,,,,,,,,,,,,,,,,,,,,,,,,,,,,,,,,,,,,,,,,,,,,,,,,,,,,,,,,,,,,,,,,,,,,,,
3,Giacometti_et_al.,2003,"Comparative activities of cecropin A, melittin, and cecropin A–melittin peptide CA(1–7)M(2–9)NH2 against multidrug-resistant nosocomial isolates of Acinetobacter baumannii",10.1016/j.peptides.2003.08.003,CecropinA__1_7_M_2_9_NH2,alpha_helical,,,,95.88,0.00,0.00,0.00,24.2647,,,,,,,,,,,,,,,,,,,,,,,,,,,,,,,,,,,,,,,,,,,,,,,,,,,,,,,,,,,,,,,,,,,,,,,,,,,
4,Jin_et_al.,2006,"Expression and characterization of a housefly cecropin gene in the methylotrophic yeast, Pichia pastoris",10.1016/j.pep.2006.03.008,CecropinMdcec,alpha_helical,Musca_domestica,4000,MNFNKVFVFVALVLAVCIGQSE,99.78,96.34,87.67,0.00,,1.0000,1.2000,,,0.8000,,,,0.1000,,,,,1.0000,,,,2.1000,,,,,3.0000,,,,,,,41.0000,,,,,,,,,,,,,,,,,,,,2.1000,,,,,,,,,12.0000,,8.0000,,,13.0000,80.0000,,18.0000,,,17.0000,,,,,
4,Jin_et_al.,2006,"Expression and characterization of a housefly cecropin gene in the methylotrophic yeast, Pichia pastoris",10.1016/j.pep.2006.03.008,CecropinMdcec_6His,alpha_helical,Musca_domestica,5000,MNFNKVFVFVALVLAVCIGQSEHHHHHH,99.78,96.34,88.62,0.00,,1.0000,1.2000,,,0.8000,,,,0.1000,,,,,1.0000,,,,2.1000,,,,,3.0000,,,,,,,41.0000,,,,,,,,,,,,,,,,,,,,2.1000,,,,,,,,,10.0000,,6.8000,,,9.8000,80.0000,,16.0000,,,14.0000,,,,,
5,Tellez_et_al.,2014,Expression and purification of an active cecropin-like recombinant protein against multidrug resistance Escherichia coli,10.1016/j.pep.2014.05.004,GWLK_Lucilin_CPD_His8,alpha_helical,Lucilia_sericata,28159.22,,99.86,0.00,0.00,0.00,,,,,,,,1.4000,,0.5000,,,,,,,,,,,0.6000,,,,,,,,,,,,,,,,,,,,,,,,,,,,,,,,,,,,,,,,,,,,,,,,,,,,,,,
6,Jayamani_et_al.,2015,Insect-Derived Cecropins Display Activity against Acinetobacter baumannii in a Whole-Animal High-Throughput Caenorhabditis elegans Model,10.1128/AAC.04198-14,CecropinA_BR001,alpha_helical,Aedes_aegypti,,KWKLFKKIEKVGQNIRDGIIKAGPAVAVVGQATQIAK,94.38,0.00,0.00,0.00,33.0882,,,,,,,,,,,,,,,,,,,,,,,,,,,,,,,,,,,,,,,,,,,,,,,,,,,,,,,,,,,,,,,,,,,,,,,,,,,
6,Jayamani_et_al.,2015,Insect-Derived Cecropins Display Activity against Acinetobacter baumannii in a Whole-Animal High-Throughput Caenorhabditis elegans Model,10.1128/AAC.04198-14,CecropinA_BR002,alpha_helical,Aedes_aegypti,,GWLKKIGKKIERVGQHTRDATIQGLGIAQQAANVAATAR,94.38,0.00,0.00,0.00,33.0882,,,,,,,,,,,,,,,,,,,,,,,,,,,,,,,,,,,,,,,,,,,,,,,,,,,,,,,,,,,,,,,,,,,,,,,,,,,
6,Jayamani_et_al.,2015,Insect-Derived Cecropins Display Activity against Acinetobacter baumannii in a Whole-Animal High-Throughput Caenorhabditis elegans Model,10.1128/AAC.04198-14,CecropinA_BR003,alpha_helical,Aedes_aegypti,,GGLKKLGKKLEGAGKRVFNAAEKALPVVAGAKALRK,96.91,62.50,0.00,0.00,14.8897,,,,,,,,,10.2941,,,29.4118,,,,,,,,,,,,,,,,,,,,,,,,,,,,,,,,,,,,,,220.5882,,,,,,,,,,,,,,,,,,,,,,,,,
6,Jayamani_et_al.,2015,Insect-Derived Cecropins Display Activity against Acinetobacter baumannii in a Whole-Animal High-Throughput Caenorhabditis elegans Model,10.1128/AAC.04198-14,CecropinA_BR005,alpha_helical,Aedes_aegypti,,RGFRKHFNKLVKKVKHTISETANVAKDTAVIAGSGAAVVAAT,88.75,0.00,0.00,0.00,66.1765,,,,,,,,,,,,,,,,,,,,,,,,,,,,,,,,,,,,,,,,,,,,,,,,,,,,,,,,,,,,,,,,,,,,,,,,,,,
6,Jayamani_et_al.,2015,Insect-Derived Cecropins Display Activity against Acinetobacter baumannii in a Whole-Animal High-Throughput Caenorhabditis elegans Model,10.1128/AAC.04198-14,CecropinA_BR029,alpha_helical,Aedes_aegypti,,KWKIFKKIEKAGRNIRDGIIKAGPAVSVVGEAATIYKTG,88.75,0.00,0.00,0.00,66.1765,,,,,,,,,,,,,,,,,,,,,,,,,,,,,,,,,,,,,,,,,,,,,,,,,,,,,,,,,,,,,,,,,,,,,,,,,,,
6,Jayamani_et_al.,2015,Insect-Derived Cecropins Display Activity against Acinetobacter baumannii in a Whole-Animal High-Throughput Caenorhabditis elegans Model,10.1128/AAC.04198-14,CecropinA_BR030,alpha_helical,Aedes_aegypti,,KWKFYKKIERVGQNIRDGIIKAGPAVQVVGQQPRYIKENRFYS,88.75,0.00,0.00,0.00,66.1765,,,,,,,,,,,,,,,,,,,,,,,,,,,,,,,,,,,,,,,,,,,,,,,,,,,,,,,,,,,,,,,,,,,,,,,,,,,
6,Jayamani_et_al.,2015,Insect-Derived Cecropins Display Activity against Acinetobacter baumannii in a Whole-Animal High-Throughput Caenorhabditis elegans Model,10.1128/AAC.04198-14,CecropinA_BR031,alpha_helical,Aedes_aegypti,,GWLRDFGKRIERVGQHTRDATIQAIGVAQQAANVAATVRG,88.75,0.00,0.00,0.00,66.1765,,,,,,,,,,,,,,,,,,,,,,,,,,,,,,,,,,,,,,,,,,,,,,,,,,,,,,,,,,,,,,,,,,,,,,,,,,,
6,Jayamani_et_al.,2015,Insect-Derived Cecropins Display Activity against Acinetobacter baumannii in a Whole-Animal High-Throughput Caenorhabditis elegans Model,10.1128/AAC.04198-14,CecropinA_BR032,alpha_helical,Aedes_aegypti,,GWLKKIGKKIERVGQHTRDATIQVLGVAQQAANVGPATARG,88.75,0.00,0.00,0.00,66.1765,,,,,,,,,,,,,,,,,,,,,,,,,,,,,,,,,,,,,,,,,,,,,,,,,,,,,,,,,,,,,,,,,,,,,,,,,,,
6,Jayamani_et_al.,2015,Insect-Derived Cecropins Display Activity against Acinetobacter baumannii in a Whole-Animal High-Throughput Caenorhabditis elegans Model,10.1128/AAC.04198-14,CecropinA_BR033,alpha_helical,Aedes_aegypti,,GWLKKIGKKIERVGQHTRDATIQTIGVAQQAANVAATLKG,88.75,0.00,0.00,0.00,66.1765,,,,,,,,,,,,,,,,,,,,,,,,,,,,,,,,,,,,,,,,,,,,,,,,,,,,,,,,,,,,,,,,,,,,,,,,,,,
6,Jayamani_et_al.,2015,Insect-Derived Cecropins Display Activity against Acinetobacter baumannii in a Whole-Animal High-Throughput Caenorhabditis elegans Model,10.1128/AAC.04198-14,CecropinA_BR034,alpha_helical,Aedes_aegypti,,GWLKKFGKKIERVGQHTRDATIQAIGVAQQAANVAATLKG,88.75,0.00,0.00,0.00,66.1765,,,,,,,,,,,,,,,,,,,,,,,,,,,,,,,,,,,,,,,,,,,,,,,,,,,,,,,,,,,,,,,,,,,,,,,,,,,
6,Jayamani_et_al.,2015,Insect-Derived Cecropins Display Activity against Acinetobacter baumannii in a Whole-Animal High-Throughput Caenorhabditis elegans Model,10.1128/AAC.04198-14,CecropinA_BR035,alpha_helical,Aedes_aegypti,,GWLKKIGKKIERVGQHTRDASIQAIGIAQQAANVAATARG,94.38,0.00,0.00,0.00,33.0882,,,,,,,,,,,,,,,,,,,,,,,,,,,,,,,,,,,,,,,,,,,,,,,,,,,,,,,,,,,,,,,,,,,,,,,,,,,
6,Jayamani_et_al.,2015,Insect-Derived Cecropins Display Activity against Acinetobacter baumannii in a Whole-Animal High-Throughput Caenorhabditis elegans Model,10.1128/AAC.04198-14,CecropinA_BR036,alpha_helical,Aedes_aegypti,,GWLKKIGKKIERVGQHTRDATIQVLGVAQQAANVAATARG,88.75,0.00,0.00,0.00,66.1765,,,,,,,,,,,,,,,,,,,,,,,,,,,,,,,,,,,,,,,,,,,,,,,,,,,,,,,,,,,,,,,,,,,,,,,,,,,
6,Jayamani_et_al.,2015,Insect-Derived Cecropins Display Activity against Acinetobacter baumannii in a Whole-Animal High-Throughput Caenorhabditis elegans Model,10.1128/AAC.04198-14,CecropinA_BR037,alpha_helical,Aedes_aegypti,,GLVKKIGKKIERVGQHTRDASIQAIGIAQQAANVAATARG,88.75,0.00,0.00,0.00,66.1765,,,,,,,,,,,,,,,,,,,,,,,,,,,,,,,,,,,,,,,,,,,,,,,,,,,,,,,,,,,,,,,,,,,,,,,,,,,
6,Jayamani_et_al.,2015,Insect-Derived Cecropins Display Activity against Acinetobacter baumannii in a Whole-Animal High-Throughput Caenorhabditis elegans Model,10.1128/AAC.04198-14,CecropinA_BR043,alpha_helical,Aedes_aegypti,,AGFRKRFNKLVKKVKHTIKETANVSKDVAIVAGSGVAVGAAMG,88.75,0.00,0.00,0.00,66.1765,,,,,,,,,,,,,,,,,,,,,,,,,,,,,,,,,,,,,,,,,,,,,,,,,,,,,,,,,,,,,,,,,,,,,,,,,,,
6,Jayamani_et_al.,2015,Insect-Derived Cecropins Display Activity against Acinetobacter baumannii in a Whole-Animal High-Throughput Caenorhabditis elegans Model,10.1128/AAC.04198-14,CecropinA_BR044,alpha_helical,Aedes_aegypti,,GFRKRFNKLVKKVKHTIKETANVSKDVAIVAGSGVAVGAAMG,88.75,0.00,0.00,0.00,66.1765,,,,,,,,,,,,,,,,,,,,,,,,,,,,,,,,,,,,,,,,,,,,,,,,,,,,,,,,,,,,,,,,,,,,,,,,,,,
7,Park_et_al.,2017,"A novel cecropin-like peptide from black soldier fly, Hermetia illucens: Isolation, structural and functional characterization",10.1111/1748-5967.12226,CLP1,alpha_helical,Hermetia_illucens,4840,GWRKRVFKPVEKFGQRVRDAGVQGIAIAQQGANVLATARGGPPQQG,98.13,0.00,0.00,0.00,,,,,,,2.5350,,,26.5150,,,4.0150,,,,,,,,,,,,,,,,,,,,,,,,,,,,,,,,,,,,,,,,,,,,,,,,,,,,,,,,,,,,,,,
8,Segovia_et_al.,2017,Identification and characterization of novel cecropins from the Oxysternon conspicillatum neotropic dung beetle,10.1371/journal.pone.0187914,Oxysterlin1,alpha_helical,Oxysternon_conspicillatum,4455.2,GSKRWRKFEKRVKKIFEETKEALPVVQGVVAVATAVGRR,93.75,0.00,0.00,0.00,,,,,,,,36.7647,,18.3824,,,73.5294,,,,,,,,18.3824,,,,,,,,,,,,,,,,,,,,,,,,,,,,,,588.2353,588.2353,,,,,,,,,,,,,,,,,,,,,,,,
8,Segovia_et_al.,2017,Identification and characterization of novel cecropins from the Oxysternon conspicillatum neotropic dung beetle,10.1371/journal.pone.0187914,Oxysterlin2,alpha_helical,Oxysternon_conspicillatum,6327.5,GSKRWRKFEKKVKKALEDAKEKLQEERVQKIVEHTKEALPVIKAVATVVGVVGRR,18.75,0.00,0.00,0.00,,,,,,,,588.2353,,147.0588,,,588.2353,,,,,,,,588.2353,,,,,,,,,,,,,,,,,,,,,,,,,,,,,,588.2353,588.2353,,,,,,,,,,,,,,,,,,,,,,,,
8,Segovia_et_al.,2017,Identification and characterization of novel cecropins from the Oxysternon conspicillatum neotropic dung beetle,10.1371/journal.pone.0187914,Oxysterlin3,alpha_helical,Oxysternon_conspicillatum,4449.2,GSKRWRKFEKRVKKVFEHTKEALPVIQGVATVVGAVGRR,96.88,0.00,0.00,0.00,,,,,,,,9.1765,,9.1765,,,36.7647,,,,,,,,18.3824,,,,,,,,,,,,,,,,,,,,,,,,,,,,,,588.2353,588.2353,,,,,,,,,,,,,,,,,,,,,,,,
8,Segovia_et_al.,2017,Identification and characterization of novel cecropins from the Oxysternon conspicillatum neotropic dung beetle,10.1371/journal.pone.0187914,Oxysterlin4,alpha_helical,Oxysternon_conspicillatum,7438.8,GSKRWRKFEKKVKKALEDAKEKLQVSSSTIFFLFKLTFSGGIILLRKNEYRRSSNILKRLYR,0.00,0.00,0.00,0.00,,,,,,,,588.2353,,588.2353,,,588.2353,,,,,,,,588.2353,,,,,,,,,,,,,,,,,,,,,,,,,,,,,,588.2353,588.2353,,,,,,,,,,,,,,,,,,,,,,,,
9,Zheng_et_al.,2017,The synergistic efficacy of Aedes aegypti antimicrobial peptide cecropin A2 and tetracycline against Pseudomonas aeruginosa,10.1128/AAC.00686-17,CecropinA3,alpha_helical,Aedes_aegypti,,,93.67,0.00,0.00,0.00,5.8824,,,,,,,,,11.7647,,,94.1176,,,,,,,,,,,,,,,,,,,,,,,,,,,,,,,,,,,,,,588.2353,,,,,,,,,,,,,,,,,,,,,,,,,
9,Zheng_et_al.,2017,The synergistic efficacy of Aedes aegypti antimicrobial peptide cecropin A2 and tetracycline against Pseudomonas aeruginosa,10.1128/AAC.00686-17,CecropinA2_BR0021,alpha_helical,Aedes_aegypti,,,68.00,0.00,0.00,0.00,188.2353,,,,,,,,,,,,188.2353,,,,,,,,,,,,,,,,,,,,,,,,,,,,,,,,,,,,,,588.2353,,,,,,,,,,,,,,,,,,,,,,,,,
10,Boulanger_et_al.,2004,Characterization of a Defensin from the Sand Fly Phlebotomus duboscqi Induced by Challenge with Bacteria or the Protozoan Parasite Leishmania major,10.1128/IAI.72.12.7140-7146.2004,Defensin1,cysteine_rich_peptides,Phlebotomus_duboscqi,4095.7,ATCDLLSAFGVGHAACAAHCIGHGYRGGYCNSKAVCTCRR,0.00,93.24,88.14,85.94,,,,,,,,,,,,,,,,,,,,,,,,,,,,,,,,,,,,,,,,,,,,,,,,,,,39.7800,,,,,,,18.7500,,,29.5600,,,18.7500,,,,,14.0600,37.5000,,18.7500,,,,37.5000
10,Boulanger_et_al.,2004,Characterization of a Defensin from the Sand Fly Phlebotomus duboscqi Induced by Challenge with Bacteria or the Protozoan Parasite Leishmania major,10.1128/IAI.72.12.7140-7146.2004,Defensin_C,cysteine_rich_peptides,Aedes_aegypti,4500,ATCDLLSGFGVGDSACAAHCIARGNRGGYCNSKKVCVCRN,0.00,94.97,62.50,0.00,,,,,,,,,,,,,,,,,,,,,,,,,,,,,,,,,,,,,,,,,,,,,,,,,,,29.5600,,,,,,,,,,75.0000,,,,,,,,,,,,,,,
10,Boulanger_et_al.,2004,Characterization of a Defensin from the Sand Fly Phlebotomus duboscqi Induced by Challenge with Bacteria or the Protozoan Parasite Leishmania major,10.1128/IAI.72.12.7140-7146.2004,Defensin2,cysteine_rich_peptides,Anopheles_gambiae,4500,ATCDLASGFGVGSSLCAAHCIARRYRGGYCNSKAVCVCRN,0.00,99.60,97.75,0.00,,,,,,,,,,,,,,,,,,,,,,,,,,,,,,,,,,,,,,,,,,,,,,,,,,,2.3750,,,,,,,,,,4.5000,,,4.5000,,,,,,,,,,,,
11,Lee_et_al.,2004,"Blackwell Publishing, Ltd. Purification, cDNA cloning and expression of an insect defensin from the great wax moth, Galleria mellonella",10.1111/j.1365-2583.2004.00462.x,Galleria_defensin,cysteine_rich_peptides,Galleria_mellonella,4716.75,DTLIGSCVWGATNYTSDCNAECKRR,0.00,0.00,92.23,91.47,,,,,,,,,,,,,,,,,,,,,,,,,,,,,,,,,,,,,,,,,,,,,,,,,,,,,,,,,,,,,,37.5000,,,,,4.5600,,4.5600,,,9.1250,,37.5000,4.5600,
12,Rajamuthiah_et_al.,2015,A Defensin from the Model Beetle Tribolium castaneum Acts Synergistically with Telavancin and Daptomycin against Multidrug Resistant Staphylococcus aureus,10.1371/journal.pone.0128576,Defensin3,cysteine_rich_peptides,Tribolium_castaneum,,,0.00,81.11,0.00,0.00,,,,,,,,,,,,,,,,,,,,,,,,,,,,,,,,,,,,,,,,,,,,,,,,,,,111.1111,,,,,,,,,,,,,,,,,,,,,,,,,
13,Tonk_et_al.,2015,Ixodes ricinus defensins attack distantly-related pathogens,10.1016/j.dci.2015.08.001,DefMT2,cysteine_rich_peptides,Ixodes_ricinus,,,0.00,0.00,0.00,0.00,,,,,,,,,,,,,,,,,,,,,,,,,,,,,,,,,,,,,,,,,,,,,,,,,,,,,,,,,,,,,,,,,,,,,,,,,,,,
13,Tonk_et_al.,2015,Ixodes ricinus defensins attack distantly-related pathogens,10.1016/j.dci.2015.08.001,DefMT3,cysteine_rich_peptides,Ixodes_ricinus,,,94.90,94.63,0.00,0.00,,,,,,,,,,,,,30.0000,,,,,,,,,,,,,,,,,,,,,,,,,,,15.0000,60.0000,8.0000,,,,,15.0000,,,,60.0000,,,,,,,,,,,,,,,,,,,,,,,,,
13,Tonk_et_al.,2015,Ixodes ricinus defensins attack distantly-related pathogens,10.1016/j.dci.2015.08.001,Gama_core_DefMt3,cysteine_rich_peptides,Ixodes_ricinus,,,0.00,89.80,0.00,0.00,,,,,,,,,,,,,,,,,,,,,,,,,,,,,,,,,,,,,,,,,,60.0000,,,,,,,,,,,,,,,,,,,,,,,,,,,,,,,,,,
13,Tonk_et_al.,2015,Ixodes ricinus defensins attack distantly-related pathogens,10.1016/j.dci.2015.08.001,DefMT5,cysteine_rich_peptides,Ixodes_ricinus,,,97.45,98.16,0.00,0.00,,,,,,,,,,,,,15.0000,,,,,,,,,,,,,,,,,,,,,,,,,,,1.0000,15.0000,8.0000,,,,,15.0000,,,,15.0000,,,,,,,,,,,,,,,,,,,,,,,,,
13,Tonk_et_al.,2015,Ixodes ricinus defensins attack distantly-related pathogens,10.1016/j.dci.2015.08.001,DefMT6,cysteine_rich_peptides,Ixodes_ricinus,,,89.63,99.81,0.00,0.00,,,,,,,,,,120.0000,,,2.0000,,,,,,,,,,,,,,,,,,,,,,,,,,,0.0500,1.0000,2.0000,,,,,0.5000,,,,2.0000,,,,,,,,,,,,,,,,,,,,,,,,,
13,Tonk_et_al.,2015,Ixodes ricinus defensins attack distantly-related pathogens,10.1016/j.dci.2015.08.001,Gama_core_DefMt6,cysteine_rich_peptides,Ixodes_ricinus,,,0.00,94.90,0.00,0.00,,,,,,,,,,,,,,,,,,,,,,,,,,,,,,,,,,,,,,,,,,30.0000,,,,,,,,,,,,,,,,,,,,,,,,,,,,,,,,,,
13,Tonk_et_al.,2015,Ixodes ricinus defensins attack distantly-related pathogens,10.1016/j.dci.2015.08.001,DefMT7,cysteine_rich_peptides,Ixodes_ricinus,,,0.00,0.00,0.00,0.00,,,,,,,,,,,,,,,,,,,,,,,,,,,,,,,,,,,,,,,,,,,,,,,,,,,,,,,,,,,,,,,,,,,,,,,,,,,,
13,Tonk_et_al.,2015,Ixodes ricinus defensins attack distantly-related pathogens,10.1016/j.dci.2015.08.001,Gama_core_DefMt7,cysteine_rich_peptides,Ixodes_ricinus,,,0.00,0.00,0.00,0.00,,,,,,,,,,,,,,,,,,,,,,,,,,,,,,,,,,,,,,,,,,,,,,,,,,,,,,,,,,,,,,,,,,,,,,,,,,,,
14,Tonk_et_al.,2015,Tribolium castaneum defensins are primarily active against Gram-positive bacteria,10.1016/j.jip.2015.10.009,Def1,cysteine_rich_peptides,Tribolium_castaneum,,RVRRVTCDLLSAEAKGVKVNHAACAAHCLLKRKRGGYCNKRRICVCRN,0.00,98.86,0.00,0.00,,,,,,,,,,,,,,,,,,,,,,,,,,,,,,,,,,,10.0000,,,,,,,,,,,,,0.0320,,,,10.0000,,,,,,,,,,,,,,,,,,,,,,,,
14,Tonk_et_al.,2015,Tribolium castaneum defensins are primarily active against Gram-positive bacteria,10.1016/j.jip.2015.10.009,Def2,cysteine_rich_peptides,Tribolium_castaneum,,RVKRFTCDVLSAEGSFRGVSVKLNHSACATHCLFLKKRGGYCNNKAICVCRN,0.00,99.20,0.00,0.00,,,,,,,,,,,,,,,,,,,,,,,,,,,,,,,,,,,7.0000,,,,,,,,,,,,,0.0320,,,,7.0000,,,,,,,,,,,,,,,,,,,,,,,,
14,Tonk_et_al.,2015,Tribolium castaneum defensins are primarily active against Gram-positive bacteria,10.1016/j.jip.2015.10.009,Def3,cysteine_rich_peptides,Tribolium_castaneum,,RVKRFTCDVLSAEGGFRGVSIKLNHAACAAHCLYLKKRGGYCNDKAVCVCRK,0.00,99.66,0.00,0.00,,,,,,,,,,,,,,,,,,,,,,,,,,,,,,,,,,,4.0000,,,,,,,,,,,,,0.0080,,,,,,,,,,,,,,,,,,,,,,,,,,,,
15,Wang_et_al.,2015,"Molecular characterization of a defensin gene from a hard tick, Dermacentor silvarum",10.1186/s13071-014-0625-0,Ds_defensin,cysteine_rich_peptides,Dermacentor_silvarum,,MRGLCICLVFILVCGLLTATAAVPAESEAAHLRVRRGFGCPLNQGACHNHCRSIRRRGGYCSGIIKQTCTCYRN,91.50,96.13,0.00,75.00,,,,,,,,,,,,,50.0000,,,,,,,,50.0000,,,,,,,,,1.0000,,,,,,,,,,,,,,,,,,50.0000,,20.0000,20.0000,,,,,,,,,,,,,,,,,,,,,50.0000,,,,
16,Wei_et_al.,2015,"Purification and characterization of a novel defensin from the salivary glands of the black fly, Simulium bannaense",10.1186/s13071-015-0669-9,SibaDef,cysteine_rich_peptides,Simulium_bannaense,4795.23,ATCDLLSISTPWGSVNHAACAAHCLALNRGFRGGYCSSKAVCTCRK,0.00,99.73,0.00,0.00,,,,,,,,,,,,,,,,,,,,,,,,,,,,2.0800,,,1.0400,,,,,,,,,,,,,,,,,2.2900,,,0.8300,,,,,,,,,,,,,,,,,,,,,,,,,
17,Kaushal_et_al.,2016,Characterization of Cimex lectularius (bedbug) defensin peptide and its antimicrobial activity against human skin microflora,10.1016/j.bbrc.2016.01.100,CL_Defensin,cysteine_rich_peptides,Cimex_lectularius,4692.45,ATCDLFSFQSKWVTPNHAACAAHCTARGNRGGRCKKAVCHCRK,0.00,98.96,0.00,0.00,,,,,,,,,,,,,,,,,,,,,,,,,,,,,,,,,,,,,8.8800,,,,,,,,,,,0.5500,,,,8.8800,,,,,,,,,,,,,,,,,,,,,,,,
18,Xu_et_al.,2016,An anionic defensin from Plutella xylostella with potential activity against Bacillus thuringiensis,10.1017/S0007485316000596,PxDef_,cysteine_rich_peptides,Plutella_xylostella,4200,,94.56,99.47,0.00,0.00,,,,,,,,,,35.0000,,,,,30.0000,,,,31.0000,,,,,,,,,4.1000,,3.1000,2.6000,1.6000,,,,,,,,,,,,,,,,,,,4.1000,,,,,,,,,,,,,,,,,,,,,,,,,
19,Le_et_al.,2017,Antibacterial and immunomodulatory activities of insect defensins-DLP2 and DLP4 against multidrug-resistant Staphylococcus aureus,10.1038/s41598-017-10839-4,CSαβ1,cysteine_rich_peptides,Hermetia_illucens,4271,ATCDLLSPFKVGHAACALHCIAMGRRGGWCDGRAVCNCRR,94.91,99.92,0.00,0.00,,,,,,,,,,29.9700,,,,,,,,,,29.9700,29.9700,,,,,,,,,,,,,,,,,,,,,,,,0.1200,,,,,,0.3675,,,,,0.9300,,,,,,,,,,,,,,,,,,,,
19,Le_et_al.,2017,Antibacterial and immunomodulatory activities of insect defensins-DLP2 and DLP4 against multidrug-resistant Staphylococcus aureus,10.1038/s41598-017-10839-4,CSαβ2,cysteine_rich_peptides,Hermetia_illucens,4269,ATCDLLSPFKVGHAACAAHCIARGKRGGWCDKRAVCNCRK,94.90,99.86,0.00,0.00,,,,,,,,,,29.9800,,,,,,,,,,29.9800,29.9800,,,,,,,,,,,,,,,,,,,,,,,,0.1200,,,,,,0.5425,,,,,1.8800,,,,,,,,,,,,,,,,,,,,
20,Park_and_Yoe,2017,"Defensin-like peptide3 from black solder fly: Identification, characterization, and key amino acids for anti-Gram-negative bacteria",10.1111/1748-5967.12214,DLP3,cysteine_rich_peptides,Hermetia_illucens,4247,ATCDLLSPFGVGHAACAVHCIAMGRRGGWCDDRAVCNCRR,87.50,96.25,0.00,0.00,,,,,,,,,,29.4118,,,117.6471,,,,,,,,,,,,,,,,,,,,,,,,,,,,,,,,,,,,,,14.7059,29.4118,,,,,,,,,,,,,,,,,,,,,,,,
21,Sun_et_al.,2017,"Functional characterization of two defensins, HlDFS1 and HlDFS2, from the hard tick Haemaphysalis longicornis",10.1186/s13071-017-2397-9,HDFS1,cysteine_rich_peptides,Haemaphysalis_longicornis,,MKLLAVVLALVLVIGAVA,93.41,95.30,0.00,75.00,50.0000,,,,50.0000,,,,,5.0000,50.0000,,,,,,,,,,,,,,,,,,,,,,,,,,,,,,,,,,,,,10.0000,,0.5000,50.0000,50.0000,,,,,,,,,,,,,,,,,,,,50.0000,,,,
21,Sun_et_al.,2017,"Functional characterization of two defensins, HlDFS1 and HlDFS2, from the hard tick Haemaphysalis longicornis",10.1186/s13071-017-2397-9,HDFS2,cysteine_rich_peptides,Haemaphysalis_longicornis,,MRVLVLSLAVILLCGLMAGSATA,97.68,95.69,0.00,0.00,20.0000,,,,20.0000,,,,,1.0000,,,,,,,,,,,,,,,,,,,,,,,,,,,,,,,,,,,,,,1.0000,,0.5000,50.0000,50.0000,,,,,,,,,,,,,,,,,,,,,,,,
22,Gobbo_et_al.,2002,Antimicrobial Peptides: Synthesis and Antibacterial Activity of Linear and Cyclic Drosocin and Apidaecin1b Analogues,10.4137/PMC.S13215,Thr_11_drosocin,proline_rich_peptides,,2199,GKPRPYSPRPTSHPRPIRVGKPRPYSPRPTSHPRPIRV,89.53,89.12,0.00,0.00,128.0000,,,,,,,,,4.0000,128.0000,,,,,,,,,16.0000,32.0000,,,,,,,,,,,,,,,,,,,,,,,,,,,,,,64.0000,64.0000,,,,,,,,,,,,,,,,,,,,,,,,
22,Gobbo_et_al.,2002,Antimicrobial Peptides: Synthesis and Antibacterial Activity of Linear and Cyclic Drosocin and Apidaecin1b Analogues,10.4137/PMC.S13215,Des_Thr_11_drosocin,proline_rich_peptides,,2099,GKPRPYSPRPSHPRPIRV,88.03,89.12,0.00,0.00,64.0000,,,,,,,,,64.0000,128.0000,,,,,,,,,32.0000,64.0000,,,,,,,,,,,,,,,,,,,,,,,,,,,,,,64.0000,64.0000,,,,,,,,,,,,,,,,,,,,,,,,
22,Gobbo_et_al.,2002,Antimicrobial Peptides: Synthesis and Antibacterial Activity of Linear and Cyclic Drosocin and Apidaecin1b Analogues,10.4137/PMC.S13215,GalNAcR_O_Thr_11_drosocin,proline_rich_peptides,,2402,GKPRPYSPRPTSHPRPIRV,95.38,89.12,0.00,0.00,128.0000,,,,,,,,,1.0000,4.0000,,,,,,,,,1.0000,2.0000,,,,,,,,,,,,,,,,,,,,,,,,,,,,,,64.0000,64.0000,,,,,,,,,,,,,,,,,,,,,,,,
22,Gobbo_et_al.,2002,Antimicrobial Peptides: Synthesis and Antibacterial Activity of Linear and Cyclic Drosocin and Apidaecin1b Analogues,10.4137/PMC.S13215,GalR_O_Thr_11_drosocin,proline_rich_peptides,,2362,GKPRPYSPRPTSHPRPIRV,94.15,89.12,0.00,0.00,128.0000,,,,,,,,,2.0000,32.0000,,,,,,,,,2.0000,8.0000,,,,,,,,,,,,,,,,,,,,,,,,,,,,,,64.0000,64.0000,,,,,,,,,,,,,,,,,,,,,,,,
22,Gobbo_et_al.,2002,Antimicrobial Peptides: Synthesis and Antibacterial Activity of Linear and Cyclic Drosocin and Apidaecin1b Analogues,10.4137/PMC.S13215,Galβ_O_Thr_11_drosocin,proline_rich_peptides,,2362,GKPRPYSPRPTSHPRPIRV,94.56,89.12,0.00,0.00,128.0000,,,,,,,,,4.0000,16.0000,,,,,,,,,4.0000,8.0000,,,,,,,,,,,,,,,,,,,,,,,,,,,,,,64.0000,64.0000,,,,,,,,,,,,,,,,,,,,,,,,
22,Gobbo_et_al.,2002,Antimicrobial Peptides: Synthesis and Antibacterial Activity of Linear and Cyclic Drosocin and Apidaecin1b Analogues,10.4137/PMC.S13215,Ala_11_drosocin,proline_rich_peptides,,2171,GKPRPYSPRPASHPRPIRV,87.76,89.12,0.00,0.00,128.0000,,,,,,,,,64.0000,128.0000,,,,,,,,,8.0000,32.0000,,,,,,,,,,,,,,,,,,,,,,,,,,,,,,64.0000,64.0000,,,,,,,,,,,,,,,,,,,,,,,,
22,Gobbo_et_al.,2002,Antimicrobial Peptides: Synthesis and Antibacterial Activity of Linear and Cyclic Drosocin and Apidaecin1b Analogues,10.4137/PMC.S13215,GalR_C_Ala_11_drosocin,proline_rich_peptides,,2333,GKPRPYSPRPASHPRPIRV,93.47,89.12,0.00,0.00,128.0000,,,,,,,,,8.0000,32.0000,,,,,,,,,8.0000,16.0000,,,,,,,,,,,,,,,,,,,,,,,,,,,,,,64.0000,64.0000,,,,,,,,,,,,,,,,,,,,,,,,
22,Gobbo_et_al.,2002,Antimicrobial Peptides: Synthesis and Antibacterial Activity of Linear and Cyclic Drosocin and Apidaecin1b Analogues,10.4137/PMC.S13215,Cys_7_12_drosocin,proline_rich_peptides,,2230,GKPRPYCPRPTCHPRPIRV,92.66,89.12,0.00,0.00,128.0000,,,,,,,,,4.0000,64.0000,,,,,,,,,4.0000,16.0000,,,,,,,,,,,,,,,,,,,,,,,,,,,,,,64.0000,64.0000,,,,,,,,,,,,,,,,,,,,,,,,
22,Gobbo_et_al.,2002,Antimicrobial Peptides: Synthesis and Antibacterial Activity of Linear and Cyclic Drosocin and Apidaecin1b Analogues,10.4137/PMC.S13215,Apidaecin_Ib1,proline_rich_peptides,,2108,GNNRPVYIPQPRPPHPRL,94.02,89.12,0.00,0.00,128.0000,,,,,,,,,4.0000,32.0000,,,,,,,,,4.0000,8.0000,,,,,,,,,,,,,,,,,,,,,,,,,,,,,,64.0000,64.0000,,,,,,,,,,,,,,,,,,,,,,,,
22,Gobbo_et_al.,2002,Antimicrobial Peptides: Synthesis and Antibacterial Activity of Linear and Cyclic Drosocin and Apidaecin1b Analogues,10.4137/PMC.S13215,Endo_Thr_13a_apidaecin_Ib,proline_rich_peptides,,2210,GNNRPVYIPQPRPTPHPRL,78.24,89.12,0.00,0.00,128.0000,,,,,,,,,128.0000,128.0000,,,,,,,,,128.0000,128.0000,,,,,,,,,,,,,,,,,,,,,,,,,,,,,,64.0000,64.0000,,,,,,,,,,,,,,,,,,,,,,,,
22,Gobbo_et_al.,2002,Antimicrobial Peptides: Synthesis and Antibacterial Activity of Linear and Cyclic Drosocin and Apidaecin1b Analogues,10.4137/PMC.S13215,Endo_GalNAcR_O_Thr_13a_apidaecin_Ib,proline_rich_peptides,,2412,GNNRPVYIPQPRPTPHPRL,85.86,89.12,0.00,0.00,128.0000,,,,,,,,,32.0000,128.0000,,,,,,,,,64.0000,64.0000,,,,,,,,,,,,,,,,,,,,,,,,,,,,,,64.0000,64.0000,,,,,,,,,,,,,,,,,,,,,,,,
22,Gobbo_et_al.,2002,Antimicrobial Peptides: Synthesis and Antibacterial Activity of Linear and Cyclic Drosocin and Apidaecin1b Analogues,10.4137/PMC.S13215,Cyclo_N_C_drosocin,proline_rich_peptides,,2181,GLPRPYSPRPTSHPRPIRV,80.42,89.12,0.00,0.00,64.0000,,,,,,,,,128.0000,128.0000,,,,,,,,,128.0000,128.0000,,,,,,,,,,,,,,,,,,,,,,,,,,,,,,64.0000,64.0000,,,,,,,,,,,,,,,,,,,,,,,,
22,Gobbo_et_al.,2002,Antimicrobial Peptides: Synthesis and Antibacterial Activity of Linear and Cyclic Drosocin and Apidaecin1b Analogues,10.4137/PMC.S13215,Cyclo_N_C__apidaecin_Ib,proline_rich_peptides,,2093,GNNRPVYIPQPRPPHPRL,89.12,89.12,0.00,0.00,64.0000,,,,,,,,,64.0000,64.0000,,,,,,,,,64.0000,64.0000,,,,,,,,,,,,,,,,,,,,,,,,,,,,,,64.0000,64.0000,,,,,,,,,,,,,,,,,,,,,,,,
22,Gobbo_et_al.,2002,Antimicrobial Peptides: Synthesis and Antibacterial Activity of Linear and Cyclic Drosocin and Apidaecin1b Analogues,10.4137/PMC.S13215,Cyclo_N_C_drosocin_2,proline_rich_peptides,,4363,GLPRPYCPRPTCHPRPIRV,86.94,89.12,0.00,0.00,128.0000,,,,,,,,,64.0000,64.0000,,,,,,,,,64.0000,64.0000,,,,,,,,,,,,,,,,,,,,,,,,,,,,,,64.0000,64.0000,,,,,,,,,,,,,,,,,,,,,,,,
22,Gobbo_et_al.,2002,Antimicrobial Peptides: Synthesis and Antibacterial Activity of Linear and Cyclic Drosocin and Apidaecin1b Analogues,10.4137/PMC.S13215,Cyclo_N_C_apidaecin_Ib_2,proline_rich_peptides,,4185,GLPRPYSPRPTSHPRPIRVGLPRPYSPRPTSHPRPIRV,91.57,89.12,0.00,0.00,128.0000,,,,,,,,,16.0000,32.0000,,,,,,,,,64.0000,8.0000,,,,,,,,,,,,,,,,,,,,,,,,,,,,,,64.0000,64.0000,,,,,,,,,,,,,,,,,,,,,,,,
22,Gobbo_et_al.,2002,Antimicrobial Peptides: Synthesis and Antibacterial Activity of Linear and Cyclic Drosocin and Apidaecin1b Analogues,10.4137/PMC.S13215,Cyclo_SS_Cys_7_12_drosocin,proline_rich_peptides,,2228.2,GNNRPVYIPQPRPPHPRLGNNRPVYIPQPRPPHPRL,89.12,89.12,0.00,0.00,64.0000,,,,,,,,,64.0000,64.0000,,,,,,,,,64.0000,64.0000,,,,,,,,,,,,,,,,,,,,,,,,,,,,,,64.0000,64.0000,,,,,,,,,,,,,,,,,,,,,,,,
23,Casteels_et_al.,1990,"Isolation and characterization of abaecin, a major antibacterial response peptide in the honeybee (Apis mellifera)",10.1111/j.1432-1033.1990.tb15315.x,Apidaecin_Ib2,glycine_rich_poly_peptides,Apis_mellifera,,GNNRPVYIPQPRPPHPRL,92.44,67.33,0.00,0.00,,,,,,,,,,86.0294,,,,,,,2.9412,,,,,,,,,,172.0588,,294.1176,,,,,,,,,,,,,,,,,,,,110.2941,,,,,,,,,,,,,,,,,,,,,,,,,,,
23,Casteels_et_al.,1990,"Isolation and characterization of abaecin, a major antibacterial response peptide in the honeybee (Apis mellifera)",10.1111/j.1432-1033.1990.tb15315.x,Abaecin,glycine_rich_poly_peptides,Apis_mellifera,,YVPLPNVPQPGRRPFPTFPGQGPFNPKIKWPQGY,90.38,81.09,0.00,0.00,,,,,,,,,,27.2059,,,,,,,86.0294,,,,,,,,,,294.1176,,12.3529,,,,,,,,,,,,,,,,,,,,27.2059,,,,,,,,,,,,,,,,,,,,,,,,,,,
24,Rebel_et_al.,2004,Primary Structure and in Vitro Antibacterial Properties of the Drosophila melanogaster Attacin C Pro-domain,10.1074/jbc.M313608200,MPAC,glycine_rich_poly_peptides,Drosophila_melanogaster,2972.38,ZRPYTQPLIYYPPPPTPPRIYRA,66.00,66.00,0.00,0.00,,,,,,,,200.0000,,200.0000,,,200.0000,,,,,,,,200.0000,,,,,,,,200.0000,,,,,,,,,,,,,,,,,,,200.0000,,,200.0000,,,200.0000,,,,200.0000,,,,,,200.0000,,,,,,,,200.0000,200.0000,200.0000,,200.0000
24,Rebel_et_al.,2004,Primary Structure and in Vitro Antibacterial Properties of the Drosophila melanogaster Attacin C Pro-domain,10.1074/jbc.M313608200,CecA,glycine_rich_poly_peptides,Drosophila_melanogaster,,LPQRPYTQPLIYYPPPPTPPRIYRARR,99.84,82.66,48.43,0.00,,,,,,,,1.6000,,0.4333,,,0.8000,,,,,,,,1.0000,,,,,,,,1.6000,,,,,,,,,,,,,,,,,,,6.3000,,,200.0000,,,200.0000,,,,200.0000,,,,,,6.3000,,,,,,,,200.0000,200.0000,200.0000,,200.0000
25,Dang_et_al.,2009,Bactrocerin-1: A novel inducible antimicrobial peptide from pupae of oriental fruit fly Bactrocera dorsalis,10.1002/arch.20308,Bactrocerin_1,glycine_rich_poly_peptides,Bactrocera_dorsalis,2325.95,VGKTWIKVIRGIGKSKIKWQ,86.72,98.89,88.65,0.00,,,,,,,,,,100.0000,,,67.4000,,,,,45.0000,,,100.0000,,,,,,,,,11.2000,5.6000,,,,,,,,,,,,,,,,,,,,2.8000,,,,,,,,,,34.2000,11.2000,,,,,,,,,,,,,,
26,Feng_et_al.,2009,"SK66-his, a Novel Glycine-Rich Peptide Derived fromDrosophilawith Antibacterial Activity",10.1271/bbb.80756,SK_66_his,glycine_rich_poly_peptides,Drosophila_melanogaster,,SQVGDLGSGAGKGGGGGGSIREAGGAFGKLEAAREEEYFYKKQREQLDRLKNDQIHQAEFHHQQIK,0.00,93.00,0.00,0.00,,,,,,,,,,,,,,,,,,,,,,,,,,,,,,,55.8824,26.4706,,,,,,,,,,,,,,,,,,,,,,,,,,,,,,,,,,,,,,,,,,,,
27,Chernysh_et_al.,2015,Insect Antimicrobial Peptide Complexes Prevent Resistance Development in Bacteria,10.1371/journal.pone.0130788,Defensin4,cysteine_rich_peptides,Calliphora_vicina,4032,ATCDLLSGTGANHSACAAHCLLRGNRGGYCNGKAVCVCRN,96.60,51.89,0.00,0.00,,,,,,,,,,20.0000,,,,,,,,,,,,,,,,,,,,,,,,,,,,,,,,,,,,,,283.0000,,,,,,,,,,,,,,,,,,,,,,,,,,,,
27,Chernysh_et_al.,2015,Insect Antimicrobial Peptide Complexes Prevent Resistance Development in Bacteria,10.1371/journal.pone.0130788,Defensin5,cysteine_rich_peptides,Calliphora_vicina,4032,,96.60,56.82,0.00,0.00,,,,,,,,,,20.0000,,,,,,,,,,,,,,,,,,,,,,,,,,,,,,,,,,,,,,254.0000,,,,,,,,,,,,,,,,,,,,,,,,,,,,
27,Chernysh_et_al.,2015,Insect Antimicrobial Peptide Complexes Prevent Resistance Development in Bacteria,10.1371/journal.pone.0130788,Proline_rich_peptide1,proline_rich_peptides,Calliphora_vicina,2987,,0.00,0.00,0.00,0.00,,,,,,,,,,,,,,,,,,,,,,,,,,,,,,,,,,,,,,,,,,,,,,,,,,,,,,,,,,,,,,,,,,,,,,,,,,,,
27,Chernysh_et_al.,2015,Insect Antimicrobial Peptide Complexes Prevent Resistance Development in Bacteria,10.1371/journal.pone.0130788,Proline_rich_peptide2,proline_rich_peptides,Calliphora_vicina,2987,FVDRNRIPRSNNGPKIPIISNP,93.54,83.85,0.00,0.00,,,,,,,,,,38.0000,,,,,,,,,,,,,,,,,,,,,,,,,,,,,,,,,,,,,,95.0000,,,,,,,,,,,,,,,,,,,,,,,,,,,,
27,Chernysh_et_al.,2015,Insect Antimicrobial Peptide Complexes Prevent Resistance Development in Bacteria,10.1371/journal.pone.0130788,Diptericins1,glycine_rich_poly_peptides,Calliphora_vicina,8886.2,DSKPLNLVLPKEEPP,83.85,91.50,0.00,0.00,,,,,,,,,,95.0000,,,,,,,,,,,,,,,,,,,,,,,,,,,,,,,,,,,,,,50.0000,,,,,,,,,,,,,,,,,,,,,,,,,,,,
27,Chernysh_et_al.,2015,Insect Antimicrobial Peptide Complexes Prevent Resistance Development in Bacteria,10.1371/journal.pone.0130788,Diptericins2,glycine_rich_poly_peptides,Calliphora_vicina,8999.7,NNPQTYGGGGGSRKDDFDVVLQGAQEV,0.00,0.00,0.00,0.00,,,,,,,,,,,,,,,,,,,,,,,,,,,,,,,,,,,,,,,,,,,,,,,,,,,,,,,,,,,,,,,,,,,,,,,,,,,,
27,Chernysh_et_al.,2015,Insect Antimicrobial Peptide Complexes Prevent Resistance Development in Bacteria,10.1371/journal.pone.0130788,Diptericins3,glycine_rich_poly_peptides,Calliphora_vicina,,,69.91,93.54,0.00,0.00,,,,,,,,,,177.0000,,,,,,,,,,,,,,,,,,,,,,,,,,,,,,,,,,,,,,38.0000,,,,,,,,,,,,,,,,,,,,,,,,,,,,
27,Chernysh_et_al.,2015,Insect Antimicrobial Peptide Complexes Prevent Resistance Development in Bacteria,10.1371/journal.pone.0130788,Diptericins4,glycine_rich_poly_peptides,Calliphora_vicina,8913.9,,0.00,0.00,0.00,0.00,,,,,,,,,,,,,,,,,,,,,,,,,,,,,,,,,,,,,,,,,,,,,,,,,,,,,,,,,,,,,,,,,,,,,,,,,,,,
27,Chernysh_et_al.,2015,Insect Antimicrobial Peptide Complexes Prevent Resistance Development in Bacteria,10.1371/journal.pone.0130788,Diptericins5,glycine_rich_poly_peptides,Calliphora_vicina,9029.1,,0.00,0.00,0.00,0.00,,,,,,,,,,,,,,,,,,,,,,,,,,,,,,,,,,,,,,,,,,,,,,,,,,,,,,,,,,,,,,,,,,,,,,,,,,,,
27,Chernysh_et_al.,2015,Insect Antimicrobial Peptide Complexes Prevent Resistance Development in Bacteria,10.1371/journal.pone.0130788,Diptericins6,glycine_rich_poly_peptides,Calliphora_vicina,,,77.39,96.60,0.00,0.00,,,,,,,,,,133.0000,,,,,,,,,,,,,,,,,,,,,,,,,,,,,,,,,,,,,,20.0000,,,,,,,,,,,,,,,,,,,,,,,,,,,,
27,Chernysh_et_al.,2015,Insect Antimicrobial Peptide Complexes Prevent Resistance Development in Bacteria,10.1371/journal.pone.0130788,Cecropin2,alpha_helical,Calliphora_vicina,4156,GWLKKIGKKIGRVGQHTRDATIQGLAVAQQAANVAATAR,86.74,96.60,0.00,0.00,,,,,,,,,,78.0000,,,,,,,,,,,,,,,,,,,,,,,,,,,,,,,,,,,,,,20.0000,,,,,,,,,,,,,,,,,,,,,,,,,,,,
27,Chernysh_et_al.,2015,Insect Antimicrobial Peptide Complexes Prevent Resistance Development in Bacteria,10.1371/journal.pone.0130788,Cecropin3,alpha_helical,Calliphora_vicina,4156,,89.12,0.00,0.00,0.00,,,,,,,,,,64.0000,,,,,,,,,,,,,,,,,,,,,,,,,,,,,,,,,,,,,,,,,,,,,,,,,,,,,,,,,,,,,,,,,,
28,Pöppel_et_al.,2015,Antimicrobial Peptides Expressed in Medicinal Maggots of the Blow Fly Lucilia sericata Show Combinatorial Activity against Bacteria,10.1128/AAC.05180-14,LSer_PCecL2,glycine_rich_poly_peptides,Lucilia_sericata,5260,HHHHRFGKIGHELHKGVKKVEKVTHDVNKVTSGVKKVASSIEKAKNV,98.81,83.00,0.00,0.00,,,,,,,,,,7.0000,,,,,,,,,,,,,,,,,,,,,,,,,,,,,,,,,,,,,,100.0000,,,,,,,,,,,,,,,,,,,,,,,,,,,,
28,Pöppel_et_al.,2015,Antimicrobial Peptides Expressed in Medicinal Maggots of the Blow Fly Lucilia sericata Show Combinatorial Activity against Bacteria,10.1128/AAC.05180-14,LSer_PCecL3,glycine_rich_poly_peptides,Lucilia_sericata,6122,HHHFGRIGHELHKGVKKVEKVTSDVNKVTNGVKQVANGIAKAKTVIEAGSIAGAVAAAAA,98.71,83.00,0.00,0.00,,,,,,,,,,7.6000,,,,,,,,,,,,,,,,,,,,,,,,,,,,,,,,,,,,,,100.0000,,,,,,,,,,,,,,,,,,,,,,,,,,,,
28,Pöppel_et_al.,2015,Antimicrobial Peptides Expressed in Medicinal Maggots of the Blow Fly Lucilia sericata Show Combinatorial Activity against Bacteria,10.1128/AAC.05180-14,LSer_PCecL4,glycine_rich_poly_peptides,Lucilia_sericata,6664,HHLFGKVGREIERSAHKVGHKLEHVRHEVSKTAKKVDKVVGHIKTAKKVVAAAGAIAGVVAAA,99.39,88.10,0.00,0.00,,,,,,,,,,3.6000,,,,,,,,,,,,,,,,,,,,,,,,,,,,,,,,,,,,,,70.0000,,,,,,,,,,,,,,,,,,,,,,,,,,,,
28,Pöppel_et_al.,2015,Antimicrobial Peptides Expressed in Medicinal Maggots of the Blow Fly Lucilia sericata Show Combinatorial Activity against Bacteria,10.1128/AAC.05180-14,LSer_PCecL5,glycine_rich_poly_peptides,Lucilia_sericata,4546,HHHLFGHVGHEVERSLHKVGHKLEHACHEVHKTAKKVQK,96.94,83.00,0.00,0.00,,,,,,,,,,18.0000,,,,,,,,,,,,,,,,,,,,,,,,,,,,,,,,,,,,,,100.0000,,,,,,,,,,,,,,,,,,,,,,,,,,,,
28,Pöppel_et_al.,2015,Antimicrobial Peptides Expressed in Medicinal Maggots of the Blow Fly Lucilia sericata Show Combinatorial Activity against Bacteria,10.1128/AAC.05180-14,LSer_Cec1,glycine_rich_poly_peptides,Lucilia_sericata,4319,GWLKKIGKKIERVGQHTRDATIQTIGVAQQAANVAATLKG,99.97,83.00,0.00,0.00,,,,,,,,,,0.2000,,,,,,,,,,,,,,,,,,,,,,,,,,,,,,,,,,,,,,100.0000,,,,,,,,,,,,,,,,,,,,,,,,,,,,
28,Pöppel_et_al.,2015,Antimicrobial Peptides Expressed in Medicinal Maggots of the Blow Fly Lucilia sericata Show Combinatorial Activity against Bacteria,10.1128/AAC.05180-14,LSer_Cec2,glycine_rich_poly_peptides,Lucilia_sericata,4258,GWLRDFGKRIERVGQHTRDATIQAIGVAQQAANVAATVRG,99.15,83.00,0.00,0.00,,,,,,,,,,5.0000,,,,,,,,,,,,,,,,,,,,,,,,,,,,,,,,,,,,,,100.0000,,,,,,,,,,,,,,,,,,,,,,,,,,,,
28,Pöppel_et_al.,2015,Antimicrobial Peptides Expressed in Medicinal Maggots of the Blow Fly Lucilia sericata Show Combinatorial Activity against Bacteria,10.1128/AAC.05180-14,LSer_Cec3,glycine_rich_poly_peptides,Lucilia_sericata,4242,GWLKKIGKKIERVGQHTRDATIQVLGVAQQAANVAATARG,99.80,86.32,0.00,0.00,,,,,,,,,,1.2000,,,,,,,,,,,,,,,,,,,,,,,,,,,,,,,,,,,,,,80.5000,,,,,,,,,,,,,,,,,,,,,,,,,,,,
28,Pöppel_et_al.,2015,Antimicrobial Peptides Expressed in Medicinal Maggots of the Blow Fly Lucilia sericata Show Combinatorial Activity against Bacteria,10.1128/AAC.05180-14,LSer_Cec4,glycine_rich_poly_peptides,Lucilia_sericata,4127,GWLKKIGKKIERVGQHTRDASIQAIGIAQQAANVAATARG,99.81,80.96,0.00,0.00,,,,,,,,,,1.1000,,,,,,,,,,,,,,,,,,,,,,,,,,,,,,,,,,,,,,112.0000,,,,,,,,,,,,,,,,,,,,,,,,,,,,
28,Pöppel_et_al.,2015,Antimicrobial Peptides Expressed in Medicinal Maggots of the Blow Fly Lucilia sericata Show Combinatorial Activity against Bacteria,10.1128/AAC.05180-14,LSer_Cec5,glycine_rich_poly_peptides,Lucilia_sericata,4262,GLVKKIGKKIERVGQHTRDASIQAIGIAQQAANVAATARG,99.42,83.00,0.00,0.00,,,,,,,,,,3.4000,,,,,,,,,,,,,,,,,,,,,,,,,,,,,,,,,,,,,,100.0000,,,,,,,,,,,,,,,,,,,,,,,,,,,,
28,Pöppel_et_al.,2015,Antimicrobial Peptides Expressed in Medicinal Maggots of the Blow Fly Lucilia sericata Show Combinatorial Activity against Bacteria,10.1128/AAC.05180-14,LSer_Cec6,glycine_rich_poly_peptides,Lucilia_sericata,4325,GWLKKFGKKIERVGQHTRDATIQAIGVAQQAANVAATLKG,99.63,93.63,0.00,0.00,,,,,,,,,,2.2000,,,,,,,,,,,,,,,,,,,,,,,,,,,,,,,,,,,,,,37.5000,,,,,,,,,,,,,,,,,,,,,,,,,,,,
28,Pöppel_et_al.,2015,Antimicrobial Peptides Expressed in Medicinal Maggots of the Blow Fly Lucilia sericata Show Combinatorial Activity against Bacteria,10.1128/AAC.05180-14,LSer_PRP1,proline_rich_peptides,Lucilia_sericata,4322,EWRPHGSNGGSSLRPGRPQTLPPQRPIQPDFNGPRQRF,83.00,83.00,0.00,0.00,,,,,,,,,,100.0000,,,,,,,,,,,,,,,,,,,,,,,,,,,,,,,,,,,,,,100.0000,,,,,,,,,,,,,,,,,,,,,,,,,,,,
28,Pöppel_et_al.,2015,Antimicrobial Peptides Expressed in Medicinal Maggots of the Blow Fly Lucilia sericata Show Combinatorial Activity against Bacteria,10.1128/AAC.05180-14,LSer_PRP2,proline_rich_peptides,Lucilia_sericata,4371,EWRPHGSIGGSGLRPGRPQTLPPQRPRRPDFNGPRHRF,83.00,83.00,0.00,0.00,,,,,,,,,,100.0000,,,,,,,,,,,,,,,,,,,,,,,,,,,,,,,,,,,,,,100.0000,,,,,,,,,,,,,,,,,,,,,,,,,,,,
28,Pöppel_et_al.,2015,Antimicrobial Peptides Expressed in Medicinal Maggots of the Blow Fly Lucilia sericata Show Combinatorial Activity against Bacteria,10.1128/AAC.05180-14,LSer_PRP3,proline_rich_peptides,Lucilia_sericata,3945,SPFVDRPRRPIQHNGPKPRIITNPPFNPNARPAW,83.00,83.00,0.00,0.00,,,,,,,,,,100.0000,,,,,,,,,,,,,,,,,,,,,,,,,,,,,,,,,,,,,,100.0000,,,,,,,,,,,,,,,,,,,,,,,,,,,,
28,Pöppel_et_al.,2015,Antimicrobial Peptides Expressed in Medicinal Maggots of the Blow Fly Lucilia sericata Show Combinatorial Activity against Bacteria,10.1128/AAC.05180-14,LSer_PRP4,proline_rich_peptides,Lucilia_sericata,2758,SWIKKDKFPSSTGPYNPNPPPPRF,83.00,83.00,0.00,0.00,,,,,,,,,,100.0000,,,,,,,,,,,,,,,,,,,,,,,,,,,,,,,,,,,,,,100.0000,,,,,,,,,,,,,,,,,,,,,,,,,,,,
28,Pöppel_et_al.,2015,Antimicrobial Peptides Expressed in Medicinal Maggots of the Blow Fly Lucilia sericata Show Combinatorial Activity against Bacteria,10.1128/AAC.05180-14,LSerStomox1,others,Lucilia_sericata,4455,AGFRKRFNKLVKKVKHTIKETANVSKDVAIVAGSGVAVGAAMG,98.95,95.33,0.00,0.00,,,,,,,,,,6.2000,,,,,,,,,,,,,,,,,,,,,,,,,,,,,,,,,,,,,,27.5000,,,,,,,,,,,,,,,,,,,,,,,,,,,,
28,Pöppel_et_al.,2015,Antimicrobial Peptides Expressed in Medicinal Maggots of the Blow Fly Lucilia sericata Show Combinatorial Activity against Bacteria,10.1128/AAC.05180-14,LSerStomox2,others,Lucilia_sericata,4384,GFRKRFNKLVKKVKHTIKETANVSKDVAIVAGSGVAVGAAMG,98.95,93.63,0.00,0.00,,,,,,,,,,6.2000,,,,,,,,,,,,,,,,,,,,,,,,,,,,,,,,,,,,,,37.5000,,,,,,,,,,,,,,,,,,,,,,,,,,,,
28,Pöppel_et_al.,2015,Antimicrobial Peptides Expressed in Medicinal Maggots of the Blow Fly Lucilia sericata Show Combinatorial Activity against Bacteria,10.1128/AAC.05180-14,LSer_Def1,cysteine_rich_peptides,Lucilia_sericata,4077,ATCDLLSATGFSGTACAAHCLLIGHRGGYCNTKSVCVCRD,83.00,83.00,0.00,0.00,,,,,,,,,,100.0000,,,,,,,,,,,,,,,,,,,,,,,,,,,,,,,,,,,,,,100.0000,,,,,,,,,,,,,,,,,,,,,,,,,,,,
28,Pöppel_et_al.,2015,Antimicrobial Peptides Expressed in Medicinal Maggots of the Blow Fly Lucilia sericata Show Combinatorial Activity against Bacteria,10.1128/AAC.05180-14,LSer_Def2,cysteine_rich_peptides,Lucilia_sericata,4123,ATCDLLSGTGVKHSACAAHCLLRGNRGGYCNGRAICVCRN,83.00,83.00,0.00,0.00,,,,,,,,,,100.0000,,,,,,,,,,,,,,,,,,,,,,,,,,,,,,,,,,,,,,100.0000,,,,,,,,,,,,,,,,,,,,,,,,,,,,
28,Pöppel_et_al.,2015,Antimicrobial Peptides Expressed in Medicinal Maggots of the Blow Fly Lucilia sericata Show Combinatorial Activity against Bacteria,10.1128/AAC.05180-14,LSer_Def3,cysteine_rich_peptides,Lucilia_sericata,4069,ATCDLLSGTGANHSACAAHCLLRGNRGGYCNSKAVCVCRN,83.00,97.21,0.00,0.00,,,,,,,,,,100.0000,,,,,,,,,,,,,,,,,,,,,,,,,,,,,,,,,,,,,,16.4000,,,,,,,,,,,,,,,,,,,,,,,,,,,,
28,Pöppel_et_al.,2015,Antimicrobial Peptides Expressed in Medicinal Maggots of the Blow Fly Lucilia sericata Show Combinatorial Activity against Bacteria,10.1128/AAC.05180-14,LSer_Def4,cysteine_rich_peptides,Lucilia_sericata,3959,LTCNIDRSFCLAHCLLRGYKRGFCTVKKICVCRH,83.00,93.40,0.00,0.00,,,,,,,,,,100.0000,,,,,,,,,,,,,,,,,,,,,,,,,,,,,,,,,,,,,,38.8000,,,,,,,,,,,,,,,,,,,,,,,,,,,,
28,Pöppel_et_al.,2015,Antimicrobial Peptides Expressed in Medicinal Maggots of the Blow Fly Lucilia sericata Show Combinatorial Activity against Bacteria,10.1128/AAC.05180-14,LSer_Def6,cysteine_rich_peptides,Lucilia_sericata,3742,GTCSFSSALCVVHCRVRGYPDGYCSRKGICTCRR,83.00,91.23,0.00,0.00,,,,,,,,,,100.0000,,,,,,,,,,,,,,,,,,,,,,,,,,,,,,,,,,,,,,51.6000,,,,,,,,,,,,,,,,,,,,,,,,,,,,
28,Pöppel_et_al.,2015,Antimicrobial Peptides Expressed in Medicinal Maggots of the Blow Fly Lucilia sericata Show Combinatorial Activity against Bacteria,10.1128/AAC.05180-14,LSer_Def7,cysteine_rich_peptides,Lucilia_sericata,3545,FTCNSYACKAHCILQGHKSGSCARINLCKCQR,83.00,91.31,0.00,0.00,,,,,,,,,,100.0000,,,,,,,,,,,,,,,,,,,,,,,,,,,,,,,,,,,,,,51.1000,,,,,,,,,,,,,,,,,,,,,,,,,,,,
28,Pöppel_et_al.,2015,Antimicrobial Peptides Expressed in Medicinal Maggots of the Blow Fly Lucilia sericata Show Combinatorial Activity against Bacteria,10.1128/AAC.05180-14,LSer_AFP,cysteine_rich_peptides,Lucilia_sericata,8200,QHGYGAGGHGQQGYGSQHSSHAPQGGHVVREQGFSGHVHEQQAGHHHEAGHHEQAGHHEQSGQQVHGQGHGYKSHGY,83.00,83.00,0.00,0.00,,,,,,,,,,100.0000,,,,,,,,,,,,,,,,,,,,,,,,,,,,,,,,,,,,,,100.0000,,,,,,,,,,,,,,,,,,,,,,,,,,,,
29,Ehlang_et_al.,2017,"Screening, Expression, Purification and Functional Characterization of Novel Antimicrobial Peptide Genes from Hermetia illucens (L.)",10.1371/journal.pone.0169582,Trx_stomoxynZH1,others,Hermetia_illucens,,,91.23,88.66,0.00,0.00,,,,,,,,,,51.6176,,,,,,,,,,,,,,,,,,,,,,,,,,,,,,,,,,,,,,,,,66.7059,,,,,,,,,,,,,,,,,,,,,,,,,
30,Park_et_al.,2015,Purification and characterization of a novel antibacterial peptide from black soldier fly (Hermetia illucens) larvae,10.1016/j.dci.2015.04.018,DLP4,cysteine_rich_peptides,Hermetia_illucens,,ATCDLLSPFKVGHAACAAHCIARGKRGGWCDKRAVCNCRK,0.00,96.40,0.00,0.00,,,,,,,,,,,,,,,,,,,,,,,,,,,,,,,1.0588,,,,,,,,,,,,,,,,,,,,31.2206,31.2206,,,,,,,,,,,,,,,,,,,,,,,,
31,Kwong_et_al.,2017,Immune system stimulation by the native gut microbiota of honey bees,10.1098/rsos.170003,ApidaecinIa,others,Apis_mellifera,,,99.22,75.00,0.00,0.00,,,,,,,,,,4.5882,,,,,,,,,,,,,,,,,,,,,,,,,,147.0588,,,,,,,,,,,,,,,,,,,,,,,,,,,,,,,,,,,,,,,,
31,Kwong_et_al.,2017,Immune system stimulation by the native gut microbiota of honey bees,10.1098/rsos.170003,ApidaecinIb,others,Apis_mellifera,,,99.22,75.00,0.00,0.00,,,,,,,,,,4.5882,,,,,,,,,,,,,,,,,,,,,,,,,,147.0588,,,,,,,,,,,,,,,,,,,,,,,,,,,,,,,,,,,,,,,,
31,Kwong_et_al.,2017,Immune system stimulation by the native gut microbiota of honey bees,10.1098/rsos.170003,Hymenoptaecin,others,Apis_mellifera,,,75.00,75.00,0.00,0.00,,,,,,,,,,147.0588,,,,,,,,,,,,,,,,,,,,,,,,,,147.0588,,,,,,,,,,,,,,,,,,,,,,,,,,,,,,,,,,,,,,,,
32,Lamberty_et_al.,1995,Isolation from the lepidopteran heliothis virescens of a novel insect defensin with potent antifungal activity,10.1074/jbc.274.14.9320,Heliomicin,others,Heliothis_virescens,4784.8,DKLIGSCVWGAVNYTSDCNGECKRRGYKGGHCGSFANVNCWCET,0.00,0.00,98.03,97.50,,,,,,,,,,,,,,,,,,,,,,,,,,,,,,,,,,,,,,,,,,,,,,,,,,,,,,,,,,9.0000,,,2.1000,4.0000,,0.6000,,,,,4.0000,,,5.0000,,,,
32,Lamberty_et_al.,1995,Isolation from the lepidopteran heliothis virescens of a novel insect defensin with potent antifungal activity,10.1074/jbc.274.14.9320,Defensin6,glycine_rich_poly_peptides,Heliothis_virescens,,ATCDLLSGTGINHSACAAHCLLRGNRGGYCNGKGVCVCRN,95.75,99.87,97.50,0.00,,,,,,,,,,25.0000,,,,,,,,,,,,,,,,,,,,,,,,,,,,,,,,,,,,,,0.7500,,,,,,,,,,,,,3.0000,6.0000,,6.0000,,,,,,,,,,,,
32,Lamberty_et_al.,1995,Isolation from the lepidopteran heliothis virescens of a novel insect defensin with potent antifungal activity,10.1074/jbc.274.14.9320,Drosomycin,cysteine_rich_peptides,Heliothis_virescens,,DCLSGRYKGPCAVWDNETCRRVCKEEGRSSGHCSPSLKCWCEGC,0.00,0.00,95.29,0.00,,,,,,,,,,,,,,,,,,,,,,,,,,,,,,,,,,,,,,,,,,,,,,,,,,,,,,,,,,30.0000,,,3.6000,2.2500,,1.8000,,,,,,,,,,,,
33,Chernysh_et_al.,1996,The inducible antibacterial peptides of the Hemipteran insect Palomena prasina: Identification of a unique family of prolinerich peptides and of a novel insect defensin,10.1016/0022-1910(95)00085-2,Metalnikowin,proline_rich_peptides,Palomena_prasina,,VDKPDYRPRPRPPNM,74.19,0.00,0.00,0.00,,,,75.0000,,,,150.0000,200.0000,116.6667,200.0000,,200.0000,,,,,,,,75.0000,200.0000,,,150.0000,,,,,,,,,,,,,,,,,,,,,,,,,,,,,,,,,,,,,,,,,,,,,,,,,,,
34,Fehlbaum_et_al.,1996,"Structure-activity analysis of thanatin, a 21-residue inducible insect defense peptide with sequence homology to frog skin antimicrobial peptides",10.1073/pnas.93.3.1221,Thanatin,cysteine_rich_peptides,Podisus_maculiventris,,GSKKPVPIIYCNRRTGKCQRM,98.54,99.53,97.59,0.00,,,,,,,,2.2500,15.0000,1.8000,1.3000,,30.0000,,,,,,,,1.3000,,,,,1.3000,,,3.7500,,3.7500,,,,,,,,,,,,,,,,,2.2500,,,,,,,,,3.7500,,,2.2500,3.7500,15.0000,3.1000,3.6000,,,,,2.2500,,,,,,,
34,Fehlbaum_et_al.,1996,"Structure-activity analysis of thanatin, a 21-residue inducible insect defense peptide with sequence homology to frog skin antimicrobial peptides",10.1073/pnas.93.3.1221,D_Thanatin,cysteine_rich_peptides,Podisus_maculiventris,,,94.90,98.40,97.94,0.00,,,,,,,,,,30.0000,,,,,,,,,,,,,,,,1.3000,,,1.3000,,30.0000,,,,,,,,,,,,,,,,,5.0000,,,,,,,,,3.7500,,,5.0000,3.6000,7.5000,3.1000,3.6000,,,,,2.2500,,,,,,,
34,Fehlbaum_et_al.,1996,"Structure-activity analysis of thanatin, a 21-residue inducible insect defense peptide with sequence homology to frog skin antimicrobial peptides",10.1073/pnas.93.3.1221,C_amidated_Thanatin,cysteine_rich_peptides,Podisus_maculiventris,,,98.82,98.65,97.67,0.00,,,,,,,,2.2500,15.0000,9.0000,9.0000,,5.0000,,,,,,,,1.3000,,,,,1.3000,,,1.3000,,5.0000,,,,,,,,,,,,,,,,,2.2500,,,30.0000,,,,,,7.5000,,,5.0000,2.2500,7.5000,3.1000,2.2500,,,,,5.0000,,,,,,,
34,Fehlbaum_et_al.,1996,"Structure-activity analysis of thanatin, a 21-residue inducible insect defense peptide with sequence homology to frog skin antimicrobial peptides",10.1073/pnas.93.3.1221,Thanatin_K18M,cysteine_rich_peptides,Podisus_maculiventris,,KPVPIIYCNRRTGKCQRM,41.11,98.41,95.46,0.00,,,,,,,,2.2500,30.0000,1.8000,2.2500,,"2,040.0000",,,,,,,,2.2500,,,,,1.3000,,,3.7500,,30.0000,,,,,,,,,,,,,,,,,2.2500,,,,,,,,,3.7500,,,2.2500,7.5000,30.0000,7.5000,5.0000,,,,,7.5000,,,,,,,
34,Fehlbaum_et_al.,1996,"Structure-activity analysis of thanatin, a 21-residue inducible insect defense peptide with sequence homology to frog skin antimicrobial peptides",10.1073/pnas.93.3.1221,Thanatin_V16M,cysteine_rich_peptides,Podisus_maculiventris,,VPIIYCNRRTGKCQRM,97.81,98.10,94.38,0.00,,,,,,,,7.5000,30.0000,9.0000,5.0000,,,,,,,,,,,,,,,2.2500,,,7.5000,,30.0000,,,,,,,,,,,,,,,,,5.0000,,,,,,,,,7.5000,,,15.0000,15.0000,,7.5000,15.0000,,,,,7.5000,,,,,,,
34,Fehlbaum_et_al.,1996,"Structure-activity analysis of thanatin, a 21-residue inducible insect defense peptide with sequence homology to frog skin antimicrobial peptides",10.1073/pnas.93.3.1221,Thanatin_I14M,cysteine_rich_peptides,Podisus_maculiventris,,IIYCNRRTGKCQRM,94.90,98.60,89.69,0.00,,,,,,,,,,30.0000,30.0000,,,,,,,,,,,,,,,2.2500,,,15.0000,,,,,,,,,,,,,,,,,,,7.5000,,,,,,,,,7.5000,,,15.0000,30.0000,,,30.0000,,,,,,,,,,,,
34,Fehlbaum_et_al.,1996,"Structure-activity analysis of thanatin, a 21-residue inducible insect defense peptide with sequence homology to frog skin antimicrobial peptides",10.1073/pnas.93.3.1221,Thanatin_Y12M,cysteine_rich_peptides,Podisus_maculiventris,,YCNRRTGKCQRM,0.00,94.90,0.00,0.00,,,,,,,,,,,,,,,,,,,,,,,,,,30.0000,,,30.0000,,,,,,,,,,,,,,,,,,,30.0000,,,,,,,,,,,,,,,,,,,,,,,,,,,,
34,Fehlbaum_et_al.,1996,"Structure-activity analysis of thanatin, a 21-residue inducible insect defense peptide with sequence homology to frog skin antimicrobial peptides",10.1073/pnas.93.3.1221,Thanatin_G20R,cysteine_rich_peptides,Podisus_maculiventris,,,94.90,98.25,92.19,0.00,,,,,,,,,,30.0000,,,,,,,,,,,30.0000,,,,,3.7500,,,3.7500,,30.0000,,,,,,,,,,,,,,,,,3.7500,,,,,,,,,7.5000,,,7.5000,15.0000,,51.2000,7.5000,,,,,5.0000,,,,,,,
34,Fehlbaum_et_al.,1996,"Structure-activity analysis of thanatin, a 21-residue inducible insect defense peptide with sequence homology to frog skin antimicrobial peptides",10.1073/pnas.93.3.1221,Thanatin_G19Q,cysteine_rich_peptides,Podisus_maculiventris,,,0.00,98.94,95.00,0.00,,,,,,,,,,,,,,,,,,,,,,,,,,3.7500,,,7.5000,,,,,,,,,,,,,,,,,,,7.5000,,,,,,,,,7.5000,,,7.5000,15.0000,,7.5000,15.0000,,,,,7.5000,,,,,,,
34,Fehlbaum_et_al.,1996,"Structure-activity analysis of thanatin, a 21-residue inducible insect defense peptide with sequence homology to frog skin antimicrobial peptides",10.1073/pnas.93.3.1221,Thanatin_G18C,cysteine_rich_peptides,Podisus_maculiventris,,GSKKPVPIIYCNRRTGKC,0.00,98.94,95.00,0.00,,,,,,,,,,,,,,,,,,,,,,,,,,3.7500,,,7.5000,,,,,,,,,,,,,,,,,,,7.5000,,,,,,,,,7.5000,,,7.5000,15.0000,,7.5000,15.0000,,,,,7.5000,,,,,,,
35,Podda_et_al.,2006,"Dual mode of action of Bac7, a proline-rich antibacterial peptide",10.1016/j.bbagen.2006.09.006,L_Bac7_1_35_,proline_rich_peptides,,,RRIRPRPPRLPRPRPRPLPFPRPGPRPIPRPLPFP,99.92,0.00,0.00,0.00,,,,,,,,,,0.5000,,,,,,,,,,0.5000,,,,,,,,,,,,,,,,,,,,,,,,,,,,,,,,,,,,,,,,,,,,,,,,,,,,,,,,
35,Podda_et_al.,2006,"Dual mode of action of Bac7, a proline-rich antibacterial peptide",10.1016/j.bbagen.2006.09.006,D_Bac7_1_35_,proline_rich_peptides,,,RRIRPRPPRLPRPRPRPLPFPRPGPRPIPRPLPFP,93.20,0.00,0.00,0.00,,,,,,,,,,16.0000,,,,,,,,,,64.0000,,,,,,,,,,,,,,,,,,,,,,,,,,,,,,,,,,,,,,,,,,,,,,,,,,,,,,,,
35,Podda_et_al.,2006,"Dual mode of action of Bac7, a proline-rich antibacterial peptide",10.1016/j.bbagen.2006.09.006,L_Bac7_1_16_,proline_rich_peptides,,,RRIRPRPPRLPRPRPR,99.75,0.00,0.00,0.00,,,,,,,,,,2.0000,,,,,,,,,,1.0000,,,,,,,,,,,,,,,,,,,,,,,,,,,,,,,,,,,,,,,,,,,,,,,,,,,,,,,,
35,Podda_et_al.,2006,"Dual mode of action of Bac7, a proline-rich antibacterial peptide",10.1016/j.bbagen.2006.09.006,L_Bac7_5_35_,proline_rich_peptides,,,PRPPRLPRPRPRPLPFPRPGPRPIPRPLPFP,92.52,0.00,0.00,0.00,,,,,,,,,,24.0000,,,,,,,,,,64.0000,,,,,,,,,,,,,,,,,,,,,,,,,,,,,,,,,,,,,,,,,,,,,,,,,,,,,,,,
36,Stensvåg_et_al.,2008,"Arasin 1, a proline–arginine-rich antimicrobial peptide isolated from the spider crab, Hyas araneus",10.1016/j.dci.2007.06.002,Natural_Arasin_1,proline_rich_peptides,Hyas_araneus,,MERRTLLVVLLVCSCVVAAAAEASPSRWPSPGRPRPFPGRPKPIFRRRPCNCYAPPCPCDRWRH,98.40,99.86,0.00,0.00,,,,,,,,,,12.5000,,6.3000,,,,,,,,,,,,,,,,,,,,,,,,,,0.8000,,,,,,,,,,,,,,,,,,,,,,,,,,,,,,,,,,,,,,
36,Stensvåg_et_al.,2008,"Arasin 1, a proline–arginine-rich antimicrobial peptide isolated from the spider crab, Hyas araneus",10.1016/j.dci.2007.06.002,Synthetic_Arasin_1,proline_rich_peptides,Hyas_araneus,,,99.01,98.94,0.00,0.00,,,,,,,,,,7.5000,,4.1000,,,,,,,,,,,,,,,,,,,,,,,,,,0.8000,,,,,,,,,,,,,11.7000,,,,,,,,,,,,,,,,,,,,,,,,,
36,Stensvåg_et_al.,2008,"Arasin 1, a proline–arginine-rich antimicrobial peptide isolated from the spider crab, Hyas araneus",10.1016/j.dci.2007.06.002,Polymyxin_B,others,,,,99.86,99.33,0.00,0.00,,,,,,,,,,0.8000,,0.8000,,,,,,,,,,,,,,,,,,,,,,,,,,1.6000,,,,,,,,,,,,,6.3000,,,,,,,,,,,,,,,,,,,,,,,,,
36,Stensvåg_et_al.,2008,"Arasin 1, a proline–arginine-rich antimicrobial peptide isolated from the spider crab, Hyas araneus",10.1016/j.dci.2007.06.002,Lactoferricin_B,others,,,,99.47,99.33,0.00,0.00,,,,,,,,,,3.1000,,3.1000,,,,,,,,,,,,,,,,,,,,,,,,,,1.6000,,,,,,,,,,,,,6.3000,,,,,,,,,,,,,,,,,,,,,,,,,
36,Stensvåg_et_al.,2008,"Arasin 1, a proline–arginine-rich antimicrobial peptide isolated from the spider crab, Hyas araneus",10.1016/j.dci.2007.06.002,Cecropin_P1_2,glycine_rich_poly_peptides,,,,99.80,98.80,0.00,0.00,,,,,,,,,,1.2000,,1.2000,,,,,,,,,,,,,,,,,,,,,,,,,,1.6000,,,,,,,,,,,,,12.5000,,,,,,,,,,,,,,,,,,,,,,,,,
36,Stensvåg_et_al.,2008,"Arasin 1, a proline–arginine-rich antimicrobial peptide isolated from the spider crab, Hyas araneus",10.1016/j.dci.2007.06.002,Cecropin4,glycine_rich_poly_peptides,,,,99.91,99.12,0.00,0.00,,,,,,,,,,0.5000,,0.6000,,,,,,,,,,,,,,,,,,,,,,,,,,1.0000,,,,,,,,,,,,,9.4000,,,,,,,,,,,,,,,,,,,,,,,,,
37,Krizsan_et_al.,2014,Insect-Derived Proline-Rich Antimicrobial Peptides Kill Bacteria by Inhibiting Bacterial Protein Translation at the 70S Ribosome,10.1002/anie.201407145,Api88,proline_rich_peptides,,,,99.85,0.00,0.00,0.00,,,,,,,,,,0.9000,,,,,,,,,,,,,,,,,,,,,,,,,,,,,,,,,,,,,,,,,,,,,,,,,,,,,,,,,,,,,,,,,,
37,Krizsan_et_al.,2014,Insect-Derived Proline-Rich Antimicrobial Peptides Kill Bacteria by Inhibiting Bacterial Protein Translation at the 70S Ribosome,10.1002/anie.201407145,Api137,proline_rich_peptides,,,,99.69,0.00,0.00,0.00,,,,,,,,,,1.8000,,,,,,,,,,,,,,,,,,,,,,,,,,,,,,,,,,,,,,,,,,,,,,,,,,,,,,,,,,,,,,,,,,
37,Krizsan_et_al.,2014,Insect-Derived Proline-Rich Antimicrobial Peptides Kill Bacteria by Inhibiting Bacterial Protein Translation at the 70S Ribosome,10.1002/anie.201407145,Onc72,proline_rich_peptides,,,,98.83,0.00,0.00,0.00,,,,,,,,,,6.9000,,,,,,,,,,,,,,,,,,,,,,,,,,,,,,,,,,,,,,,,,,,,,,,,,,,,,,,,,,,,,,,,,,
37,Krizsan_et_al.,2014,Insect-Derived Proline-Rich Antimicrobial Peptides Kill Bacteria by Inhibiting Bacterial Protein Translation at the 70S Ribosome,10.1002/anie.201407145,Onc112,proline_rich_peptides,,,,99.42,0.00,0.00,0.00,,,,,,,,,,3.4000,,,,,,,,,,,,,,,,,,,,,,,,,,,,,,,,,,,,,,,,,,,,,,,,,,,,,,,,,,,,,,,,,,
37,Krizsan_et_al.,2014,Insect-Derived Proline-Rich Antimicrobial Peptides Kill Bacteria by Inhibiting Bacterial Protein Translation at the 70S Ribosome,10.1002/anie.201407145,D_Api88,proline_rich_peptides,,,,90.48,0.00,0.00,0.00,,,,,,,,,,56.0000,,,,,,,,,,,,,,,,,,,,,,,,,,,,,,,,,,,,,,,,,,,,,,,,,,,,,,,,,,,,,,,,,,
37,Krizsan_et_al.,2014,Insect-Derived Proline-Rich Antimicrobial Peptides Kill Bacteria by Inhibiting Bacterial Protein Translation at the 70S Ribosome,10.1002/anie.201407145,D_Api137,proline_rich_peptides,,,,80.96,0.00,0.00,0.00,,,,,,,,,,112.0000,,,,,,,,,,,,,,,,,,,,,,,,,,,,,,,,,,,,,,,,,,,,,,,,,,,,,,,,,,,,,,,,,,
37,Krizsan_et_al.,2014,Insect-Derived Proline-Rich Antimicrobial Peptides Kill Bacteria by Inhibiting Bacterial Protein Translation at the 70S Ribosome,10.1002/anie.201407145,D_Onc72,proline_rich_peptides,,,,80.96,0.00,0.00,0.00,,,,,,,,,,112.0000,,,,,,,,,,,,,,,,,,,,,,,,,,,,,,,,,,,,,,,,,,,,,,,,,,,,,,,,,,,,,,,,,,
37,Krizsan_et_al.,2014,Insect-Derived Proline-Rich Antimicrobial Peptides Kill Bacteria by Inhibiting Bacterial Protein Translation at the 70S Ribosome,10.1002/anie.201407145,D_Onc112,proline_rich_peptides,,,,90.82,0.00,0.00,0.00,,,,,,,,,,54.0000,,,,,,,,,,,,,,,,,,,,,,,,,,,,,,,,,,,,,,,,,,,,,,,,,,,,,,,,,,,,,,,,,,
37,Krizsan_et_al.,2014,Insect-Derived Proline-Rich Antimicrobial Peptides Kill Bacteria by Inhibiting Bacterial Protein Translation at the 70S Ribosome,10.1002/anie.201407145,D_Onc72_K3A,proline_rich_peptides,,,,90.48,0.00,0.00,0.00,,,,,,,,,,56.0000,,,,,,,,,,,,,,,,,,,,,,,,,,,,,,,,,,,,,,,,,,,,,,,,,,,,,,,,,,,,,,,,,,
37,Krizsan_et_al.,2014,Insect-Derived Proline-Rich Antimicrobial Peptides Kill Bacteria by Inhibiting Bacterial Protein Translation at the 70S Ribosome,10.1002/anie.201407145,D_Onc72_Y6a,proline_rich_peptides,,,,80.96,0.00,0.00,0.00,,,,,,,,,,112.0000,,,,,,,,,,,,,,,,,,,,,,,,,,,,,,,,,,,,,,,,,,,,,,,,,,,,,,,,,,,,,,,,,,
37,Krizsan_et_al.,2014,Insect-Derived Proline-Rich Antimicrobial Peptides Kill Bacteria by Inhibiting Bacterial Protein Translation at the 70S Ribosome,10.1002/anie.201407145,D_Onc72_L7A,proline_rich_peptides,,,,80.96,0.00,0.00,0.00,,,,,,,,,,112.0000,,,,,,,,,,,,,,,,,,,,,,,,,,,,,,,,,,,,,,,,,,,,,,,,,,,,,,,,,,,,,,,,,,
37,Krizsan_et_al.,2014,Insect-Derived Proline-Rich Antimicrobial Peptides Kill Bacteria by Inhibiting Bacterial Protein Translation at the 70S Ribosome,10.1002/anie.201407145,D_Onc72_R11A,proline_rich_peptides,,,,90.48,0.00,0.00,0.00,,,,,,,,,,56.0000,,,,,,,,,,,,,,,,,,,,,,,,,,,,,,,,,,,,,,,,,,,,,,,,,,,,,,,,,,,,,,,,,,
37,Krizsan_et_al.,2014,Insect-Derived Proline-Rich Antimicrobial Peptides Kill Bacteria by Inhibiting Bacterial Protein Translation at the 70S Ribosome,10.1002/anie.201407145,Api137_R4A,proline_rich_peptides,,,,99.69,0.00,0.00,0.00,,,,,,,,,,1.8000,,,,,,,,,,,,,,,,,,,,,,,,,,,,,,,,,,,,,,,,,,,,,,,,,,,,,,,,,,,,,,,,,,
37,Krizsan_et_al.,2014,Insect-Derived Proline-Rich Antimicrobial Peptides Kill Bacteria by Inhibiting Bacterial Protein Translation at the 70S Ribosome,10.1002/anie.201407145,Api137_P14A,proline_rich_peptides,,,,97.62,0.00,0.00,0.00,,,,,,,,,,14.0000,,,,,,,,,,,,,,,,,,,,,,,,,,,,,,,,,,,,,,,,,,,,,,,,,,,,,,,,,,,,,,,,,,
37,Krizsan_et_al.,2014,Insect-Derived Proline-Rich Antimicrobial Peptides Kill Bacteria by Inhibiting Bacterial Protein Translation at the 70S Ribosome,10.1002/anie.201407145,Api137_P17A,proline_rich_peptides,,,,80.96,0.00,0.00,0.00,,,,,,,,,,112.0000,,,,,,,,,,,,,,,,,,,,,,,,,,,,,,,,,,,,,,,,,,,,,,,,,,,,,,,,,,,,,,,,,,
37,Krizsan_et_al.,2014,Insect-Derived Proline-Rich Antimicrobial Peptides Kill Bacteria by Inhibiting Bacterial Protein Translation at the 70S Ribosome,10.1002/anie.201407145,Api137_1_16,proline_rich_peptides,,,,56.99,0.00,0.00,0.00,,,,,,,,,,253.0000,,,,,,,,,,,,,,,,,,,,,,,,,,,,,,,,,,,,,,,,,,,,,,,,,,,,,,,,,,,,,,,,,,
37,Krizsan_et_al.,2014,Insect-Derived Proline-Rich Antimicrobial Peptides Kill Bacteria by Inhibiting Bacterial Protein Translation at the 70S Ribosome,10.1002/anie.201407145,Api137_1_17,proline_rich_peptides,,,,95.07,0.00,0.00,0.00,,,,,,,,,,29.0000,,,,,,,,,,,,,,,,,,,,,,,,,,,,,,,,,,,,,,,,,,,,,,,,,,,,,,,,,,,,,,,,,,
38,Knappe_et_al.,2016,Insect-derived short proline-rich and murine cathelicidin-related antimicrobial peptides act synergistically on Gram-negative bacteria in vitro,10.4155/fmc-2016-0083,PrAMP_Onc72,proline_rich_peptides,,2304.33,VDKPPYLPRPRPPROIYNO,83.47,68.00,0.00,0.00,86.1765,,,,,,,,,129.4118,8.8235,,188.2353,,,,,,,73.5294,,,,,,,,,,,,,,,,,,,,,,,,,,,,,,,188.2353,,,,,,,,,,,,,,,,,,,,,,,,,
38,Knappe_et_al.,2016,Insect-derived short proline-rich and murine cathelicidin-related antimicrobial peptides act synergistically on Gram-negative bacteria in vitro,10.4155/fmc-2016-0083,PrAMP_Onc110,proline_rich_peptides,,2319.29,VDKPPYLPRPRPXRXJYNO,87.54,68.00,0.00,0.00,172.6471,,,,,,,,,89.4118,8.8235,,82.3529,,,,,,,13.2353,,,,,,,,,,,,,,,,,,,,,,,,,,,,,,,188.2353,,,,,,,,,,,,,,,,,,,,,,,,,
38,Knappe_et_al.,2016,Insect-derived short proline-rich and murine cathelicidin-related antimicrobial peptides act synergistically on Gram-negative bacteria in vitro,10.4155/fmc-2016-0083,PrAMP_Onc112,proline_rich_peptides,,2388.38,VDKPPYLPRPRPPRRIYNR,95.82,95.00,0.00,0.00,47.0588,,,,,,,,,20.0000,5.8824,,38.2353,,,,,,,11.7647,,,,,,,,,,,,,,,,,,,,,,,,,,,,,,,29.4118,,,,,,,,,,,,,,,,,,,,,,,,,
38,Knappe_et_al.,2016,Insect-derived short proline-rich and murine cathelicidin-related antimicrobial peptides act synergistically on Gram-negative bacteria in vitro,10.4155/fmc-2016-0083,CRAMP_Onc72,proline_rich_peptides,,2304.33,VDKPPYLPRPRPPROIYNO,84.70,93.00,0.00,0.00,50.0000,,,,,,,,,188.2353,35.2941,,94.1176,,,,,,,82.3529,,,,,,,,,,,,,,,,,,,,,,,,,,,,,,,41.1765,,,,,,,,,,,,,,,,,,,,,,,,,
38,Knappe_et_al.,2016,Insect-derived short proline-rich and murine cathelicidin-related antimicrobial peptides act synergistically on Gram-negative bacteria in vitro,10.4155/fmc-2016-0083,CRAMP_Onc110,proline_rich_peptides,,2319.29,VDKPPYLPRPRPXRXJYNO,85.10,93.00,0.00,0.00,38.2353,,,,,,,,,188.2353,35.2941,,82.3529,,,,,,,94.1176,,,,,,,,,,,,,,,,,,,,,,,,,,,,,,,41.1765,,,,,,,,,,,,,,,,,,,,,,,,,
38,Knappe_et_al.,2016,Insect-derived short proline-rich and murine cathelicidin-related antimicrobial peptides act synergistically on Gram-negative bacteria in vitro,10.4155/fmc-2016-0083,CRAMP_Onc112,proline_rich_peptides,,2388.38,VDKPPYLPRPRPPRRIYNR,85.20,99.00,0.00,0.00,47.0588,,,,,,,,,188.2353,35.2941,,70.5882,,,,,,,94.1176,,,,,,,,,,,,,,,,,,,,,,,,,,,,,,,5.8824,,,,,,,,,,,,,,,,,,,,,,,,,
38,Knappe_et_al.,2016,Insect-derived short proline-rich and murine cathelicidin-related antimicrobial peptides act synergistically on Gram-negative bacteria in vitro,10.4155/fmc-2016-0083,PrAMP_Apil88,proline_rich_peptides,,2289.35,ONNRPVYIPRPRPPHPRL,89.83,0.00,0.00,0.00,,,,,,,,,,11.7647,10.8824,,156.7647,,,,,,,,,,,,,,,,,,,,,,,,,,,,,,,,,,,,,,,,,,,,,,,,,,,,,,,,,,,,,,,
38,Knappe_et_al.,2016,Insect-derived short proline-rich and murine cathelicidin-related antimicrobial peptides act synergistically on Gram-negative bacteria in vitro,10.4155/fmc-2016-0083,PrAMP_Apil134,proline_rich_peptides,,2248.71,ONNRPVYIPRPRPPHPOL,60.88,0.00,0.00,0.00,,,,,,,,,,94.1176,219.7059,,376.4706,,,,,,,,,,,,,,,,,,,,,,,,,,,,,,,,,,,,,,,,,,,,,,,,,,,,,,,,,,,,,,,
38,Knappe_et_al.,2016,Insect-derived short proline-rich and murine cathelicidin-related antimicrobial peptides act synergistically on Gram-negative bacteria in vitro,10.4155/fmc-2016-0083,PrAMP_Apil137,proline_rich_peptides,,2290.33,ONNRPVYIPRPRPPHPRL,77.58,0.00,0.00,0.00,,,,,,,,,,10.2941,8.8235,,376.4706,,,,,,,,,,,,,,,,,,,,,,,,,,,,,,,,,,,,,,,,,,,,,,,,,,,,,,,,,,,,,,,
38,Knappe_et_al.,2016,Insect-derived short proline-rich and murine cathelicidin-related antimicrobial peptides act synergistically on Gram-negative bacteria in vitro,10.4155/fmc-2016-0083,CRAMP_Apil88,proline_rich_peptides,,2289.35,ONNRPVYIPRPRPPHPRL,77.00,0.00,0.00,0.00,,,,,,,,,,188.2353,44.1176,,173.5294,,,,,,,,,,,,,,,,,,,,,,,,,,,,,,,,,,,,,,,,,,,,,,,,,,,,,,,,,,,,,,,
38,Knappe_et_al.,2016,Insect-derived short proline-rich and murine cathelicidin-related antimicrobial peptides act synergistically on Gram-negative bacteria in vitro,10.4155/fmc-2016-0083,CRAMP_Apil134,proline_rich_peptides,,2248.71,ONNRPVYIPRPRPPHPOL,77.67,0.00,0.00,0.00,,,,,,,,,,173.5294,47.0588,,173.5294,,,,,,,,,,,,,,,,,,,,,,,,,,,,,,,,,,,,,,,,,,,,,,,,,,,,,,,,,,,,,,,
38,Knappe_et_al.,2016,Insect-derived short proline-rich and murine cathelicidin-related antimicrobial peptides act synergistically on Gram-negative bacteria in vitro,10.4155/fmc-2016-0083,CRAMP_Apil137,proline_rich_peptides,,2290.33,ONNRPVYIPRPRPPHPRL,77.83,0.00,0.00,0.00,,,,,,,,,,173.5294,44.1176,,173.5294,,,,,,,,,,,,,,,,,,,,,,,,,,,,,,,,,,,,,,,,,,,,,,,,,,,,,,,,,,,,,,,
39,Haeberli_et_al.,2000,Characterisation of antibacterial activity of peptides isolated from the venom of the spider Cupiennius salei (Araneae: Ctenidae),10.1016/s0041-0101(99)00167-1,Peptide_1,others,Cupiennius_salei,,,98.95,99.46,0.00,0.00,,,,,,,,,,5.4000,,,,,,7.0000,,,,,,,,,,,,,,,3.4000,,,,,,,,,,,,,,,,,,,,,2.9500,,,,,,,,,,,,,,,,,,,,,,,,
39,Haeberli_et_al.,2000,Characterisation of antibacterial activity of peptides isolated from the venom of the spider Cupiennius salei (Araneae: Ctenidae),10.1016/s0041-0101(99)00167-1,Peptide_3,others,Cupiennius_salei,,,99.08,99.42,0.00,0.00,,,,,,,,,,5.4000,,,,,,,,,,,,,,,,,,,,,3.4000,,,,,,,,,,,,,,,,,,,,,,,,,,,,,,,,,,,,,,,,,,,,,
39,Haeberli_et_al.,2000,Characterisation of antibacterial activity of peptides isolated from the venom of the spider Cupiennius salei (Araneae: Ctenidae),10.1016/s0041-0101(99)00167-1,Peptide_5,others,Cupiennius_salei,,,99.08,99.42,0.00,0.00,,,,,,,,,,5.4000,,,,,,,,,,,,,,,,,,,,,3.4000,,,,,,,,,,,,,,,,,,,,,,,,,,,,,,,,,,,,,,,,,,,,,
39,Haeberli_et_al.,2000,Characterisation of antibacterial activity of peptides isolated from the venom of the spider Cupiennius salei (Araneae: Ctenidae),10.1016/s0041-0101(99)00167-1,Peptide_7,others,Cupiennius_salei,,,84.39,99.08,0.00,0.00,,,,,,,,,,91.8000,,,,,,,,,,,,,,,,,,,,,5.4000,,,,,,,,,,,,,,,,,,,,,,,,,,,,,,,,,,,,,,,,,,,,,
39,Haeberli_et_al.,2000,Characterisation of antibacterial activity of peptides isolated from the venom of the spider Cupiennius salei (Araneae: Ctenidae),10.1016/s0041-0101(99)00167-1,Peptide_8,others,Cupiennius_salei,,,99.31,99.25,0.00,0.00,,,,,,,,,,4.7250,,,,,,3.4000,,,,,,,,,,,,,,,5.4000,,,,,,,,,,,,,,,,,,,,,3.4000,,,,,,,,,,,,,,,,,,,,,,,,
40,Silva_et_al.,2000,"Isolation and Characterization of Gomesin, an 18-Residue Cysteine-rich Defense Peptide from the Spider Acanthoscurria gomesiana Hemocytes with Sequence Similarities to Horseshoe Crab",10.1074/jbc.M001491200,Gomesin,cysteine_rich_peptides,Acanthoscurria_gomesiana,2270.4,ZCRRLCYKQRCVTYCRGR,96.06,98.25,97.81,96.48,,,,100.0000,,,,,10.6250,4.8000,10.6250,,8.3000,,,,,,,,4.8000,,,,,4.8000,,18.7500,1.2000,,,4.5750,,,,,,,,3.4000,,,,,,,,2.4000,,,4.5750,3.4000,3.4000,63.1500,3.4000,,2.4000,4.5750,15.0000,,2.4000,2.4000,,2.4000,,,,,2.4000,3.4000,,1.5750,15.0000,,,4.5750
40,Silva_et_al.,2000,"Isolation and Characterization of Gomesin, an 18-Residue Cysteine-rich Defense Peptide from the Spider Acanthoscurria gomesiana Hemocytes with Sequence Similarities to Horseshoe Crab",10.1074/jbc.M001491200,Gomesin_fa,cysteine_rich_peptides,Acanthoscurria_gomesiana,,,98.55,97.76,96.26,96.48,,,,,,,,,10.6250,8.3000,10.6250,,8.3000,,,,,,,,4.8000,,,,,4.8000,,18.7500,4.2000,,,14.0750,,,,,,,,10.6250,,,,,,,,40.8000,,,14.0750,14.0750,4.5750,14.0750,4.5750,,2.4000,4.5750,37.5000,,2.4000,4.8000,,2.4000,,,,,2.4000,3.4000,,1.5750,15.0000,,,4.5750
40,Silva_et_al.,2000,"Isolation and Characterization of Gomesin, an 18-Residue Cysteine-rich Defense Peptide from the Spider Acanthoscurria gomesiana Hemocytes with Sequence Similarities to Horseshoe Crab",10.1074/jbc.M001491200,Androctonin1,others,Androctonus_australis,,RCVCRQIKICRRRGGCYYKCTNRPY,98.73,95.14,93.88,97.71,,,,,,,,,,10.5000,,,,,,,,,,,4.5000,,,,,1.8000,,,,,,,,,,,,,,,,,,,,,,61.5000,,,22.5000,,,,,,4.5000,37.5000,,,4.5000,9.0000,,9.0000,,,,,9.0000,,,4.5750,,,,
41,Kuhn_Nentwig_et_al.,2002,"Cupiennin 1, a New Family of Highly Basic Antimicrobial Peptides in the Venom of the Spider Cupiennius salei (Ctenidae)",10.1074/jbc.M111099200,Cupiennin_1a_1,others,Cupiennius_salei,3798.59,GFGALFKFLAKKVAKTVAKQAAKQGAKYVVNKQME,97.31,98.23,0.00,0.00,,,,,,,,,,15.8150,,,15.8150,,,,,,,,,,,,,,,,,,,,,,,,,,5.0000,,,,,,,,,,,,15.8150,,,,,,,,,,,,,,,,,,,,,,,,,
41,Kuhn_Nentwig_et_al.,2002,"Cupiennin 1, a New Family of Highly Basic Antimicrobial Peptides in the Venom of the Spider Cupiennius salei (Ctenidae)",10.1074/jbc.M111099200,Cupiennin_1a_2,others,Cupiennius_salei,3799.58,GFGALFKFLAKKVAKTVAKQAAKQGAKYVVNKQME,97.57,98.49,0.00,0.00,,,,,,,,,,15.8150,,,12.8150,,,,,,,,,,,,,,,,,,,,,,,,,,5.0000,,,,,,,,,,,,12.8150,,,,,,,,,,,,,,,,,,,,,,,,,
41,Kuhn_Nentwig_et_al.,2002,"Cupiennin 1, a New Family of Highly Basic Antimicrobial Peptides in the Venom of the Spider Cupiennius salei (Ctenidae)",10.1074/jbc.M111099200,Cupiennin_1d_1,others,Cupiennius_salei,3795.55,GFGSLFKFLAKKVAKTVAKQAAKQGAKYVANKHME,98.33,97.74,0.00,0.00,,,,,,,,,,4.0800,,,15.5800,,,,,,,,,,,,,,,,,,,,,,,,,,13.7500,,,,,,,,,,,,12.8150,,,,,,,,,,,,,,,,,,,,,,,,,
41,Kuhn_Nentwig_et_al.,2002,"Cupiennin 1, a New Family of Highly Basic Antimicrobial Peptides in the Venom of the Spider Cupiennius salei (Ctenidae)",10.1074/jbc.M111099200,Cupiennin_1d_2,others,Cupiennius_salei,3795.55,GFGSLFKFLAKKVAKTVAKQAAKQGAKYVANKHMQ,97.31,97.49,0.00,0.00,,,,,,,,,,15.8150,,,15.8150,,,,,,,,,,,,,,,,,,,,,,,,,,13.7500,,,,,,,,,,,,15.8150,,,,,,,,,,,,,,,,,,,,,,,,,
42,Shlyapnikov_et_al.,2008,"Bacterial production of latarcin 2a, a potent antimicrobial peptide from spider venom",10.1016/j.pep.2008.03.011,Ltc_2a_Cs,others,Lachesana_tarabaevi,2902.6,GLFGKLIKKFGRKAISYAVKKARGKH,99.92,99.92,0.00,0.00,,,,,,,,,,0.5000,,,,,,,,,,,,,,,,,,,,,0.5000,,,,,,,,,,,,,,,,,,,,,,,,,,,,,,,,,,,,,,,,,,,,,
42,Shlyapnikov_et_al.,2008,"Bacterial production of latarcin 2a, a potent antimicrobial peptide from spider venom",10.1016/j.pep.2008.03.011,Ltc_2a_Rc,others,Lachesana_tarabaevi,,,99.92,99.92,0.00,0.00,,,,,,,,,,0.5000,,,,,,,,,,,,,,,,,,,,,0.5000,,,,,,,,,,,,,,,,,,,,,,,,,,,,,,,,,,,,,,,,,,,,,
42,Shlyapnikov_et_al.,2008,"Bacterial production of latarcin 2a, a potent antimicrobial peptide from spider venom",10.1016/j.pep.2008.03.011,Ltc_2a_M_,others,Lachesana_tarabaevi,2985.7,GLFGKLIKKFGRKAISYAVKKARGKHM,99.92,99.92,0.00,0.00,,,,,,,,,,0.5000,,,,,,,,,,,,,,,,,,,,,0.5000,,,,,,,,,,,,,,,,,,,,,,,,,,,,,,,,,,,,,,,,,,,,,
42,Shlyapnikov_et_al.,2008,"Bacterial production of latarcin 2a, a potent antimicrobial peptide from spider venom",10.1016/j.pep.2008.03.011,Ltc_2a_6G_Ltc_2a,others,Lachesana_tarabaevi,6212.5,GLFGKLIKKFGRKAISYAVKKARGKHGGGGGGGLFGKLIKKFGRKAISYAVKKARGKHM,99.96,99.96,0.00,0.00,,,,,,,,,,0.2500,,,,,,,,,,,,,,,,,,,,,0.2500,,,,,,,,,,,,,,,,,,,,,,,,,,,,,,,,,,,,,,,,,,,,,
42,Shlyapnikov_et_al.,2008,"Bacterial production of latarcin 2a, a potent antimicrobial peptide from spider venom",10.1016/j.pep.2008.03.011,Ltc_2a_Pro,others,Lachesana_tarabaevi,7083.9,YEVNEELENELDDLDDAAWLAVAEELQGLEDFEESRGLFGKLIKKFGRKAISYAVKKARGKH,96.60,96.60,0.00,0.00,,,,,,,,,,20.0000,,,,,,,,,,,,,,,,,,,,,20.0000,,,,,,,,,,,,,,,,,,,,,,,,,,,,,,,,,,,,,,,,,,,,,
43,Ramírez_Carreto_et_al.,2012,Gene cloning and functional characterization of four novel antimicrobial-like peptides from scorpions of the family Vaejovidae,10.1016/j.peptides.2012.02.002,VmCT1,others,Vaejovis_mexicanus_smith,1450,FLGALWNVAKSVF,97.45,97.45,0.00,0.00,,,,,,,,,,25.0000,,,,,,,,,,,5.0000,,,,,,,,,,20.0000,,,,,,,,,,,,,,,,,,,,10.0000,,,,,,,,,,,,,,,,,,,,,,,,,
43,Ramírez_Carreto_et_al.,2012,Gene cloning and functional characterization of four novel antimicrobial-like peptides from scorpions of the family Vaejovidae,10.1016/j.peptides.2012.02.002,VmCT2,others,Vaejovis_mexicanus_smith,1497,FLSTLWNAAKSIF,97.45,97.45,0.00,0.00,,,,,,,,,,20.0000,,,,,,,,,,,10.0000,,,,,,,,,,20.0000,,,,,,,,,,,,,,,,,,,,10.0000,,,,,,,,,,,,,,,,,,,,,,,,,
43,Ramírez_Carreto_et_al.,2012,Gene cloning and functional characterization of four novel antimicrobial-like peptides from scorpions of the family Vaejovidae,10.1016/j.peptides.2012.02.002,VsCT1,others,Vaejovis_mexicanus_smith,1505,FLKGIIDTVSNWL,0.00,0.00,0.00,0.00,,,,,,,,,,,,,,,,,,,,,,,,,,,,,,,,,,,,,,,,,,,,,,,,,,,,,,,,,,,,,,,,,,,,,,,,,,,,
43,Ramírez_Carreto_et_al.,2012,Gene cloning and functional characterization of four novel antimicrobial-like peptides from scorpions of the family Vaejovidae,10.1016/j.peptides.2012.02.002,VsCT2,others,Vaejovis_mexicanus_smith,1481,FLKGIIDTVSKLF,0.00,0.00,0.00,0.00,,,,,,,,,,,,,,,,,,,,,,,,,,,,,,,,,,,,,,,,,,,,,,,,,,,,,,,,,,,,,,,,,,,,,,,,,,,,
44,Sperstad_et_al.,2009,"Hyastatin, a glycine-rich multi-domain antimicrobial peptide isolated from the spider crab (Hyas araneus) hemocytes",10.1016/j.molimm.2009.05.002,Natural_hyastatin,glycine_rich_poly_peptides,Hyas_araneus,11715.1,ESFLKSKTGYQGVQTLPGFIGGSQPHLGGGIGGGRPFISQPNLGGGIGGGI,94.69,95.72,0.00,94.94,,,,,,,,,,12.5000,50.0000,,,,,,,,,,,,,,,,,,,,,,,,,,,0.4000,,,,,,,,,,,,,50.0000,,,,,,,,,,,,,,,,,,,,,7.7500,,,,12.5000
44,Sperstad_et_al.,2009,"Hyastatin, a glycine-rich multi-domain antimicrobial peptide isolated from the spider crab (Hyas araneus) hemocytes",10.1016/j.molimm.2009.05.002,rHyastatin_N_term,glycine_rich_poly_peptides,Hyas_araneus,,,91.50,93.63,0.00,75.00,,,,,,,,,,50.0000,50.0000,,,,,,,,,,,,,,,,,,,,,,,,,,,25.0000,,,,,,,,,,,,,50.0000,,,,,,,,,,,,,,,,,,,,,50.0000,,,,50.0000
45,Ehret_Sabatier_et_al.,1996,Characterization of Novel Cysteine-rich Antimicrobial Peptides from Scorpion Blood,10.1074/jbc.271.47.29537,Androctonin2,others,Androctonus_australis,3076.7,RSVXRQIKIXRRRGGXYYKXTNRPY,99.33,98.75,93.50,0.00,,,,,,,,,,4.5000,,,,,,,2.2500,,,,4.5000,,,,4.5000,1.8000,,,,,2.2500,,,,,,,,,,,,,,,,,2.8000,,,22.5000,,,,,,4.5000,37.5000,,9.0000,,9.0000,,9.0000,,,,,9.0000,,,,,,,
46,Cao_et_al.,2012,"StCT2, a new antibacterial peptide characterized from the venom of the scorpion Scorpiops tibetanus",10.1016/j.peptides.2012.04.010,StCT2,alpha_helical,Scorpiops_tibetanus,1576.9,GKRSLRNQDQFDNMFDSDLSDADLKLLDDLFD,62.50,86.72,0.00,0.00,,,,,,,,,,147.0588,,,294.1176,,,,,,,,,,,,,,,,,,73.5294,147.0588,,,,,,,,,,,,,,,,73.5294,,,18.3824,,,,,,,,,,,,,,,,,,,,,,,,,
47,Moerman_et_al.,2002,"Antibacterial and antifungal properties of a-helical, cationic peptides in the venom of scorpions from southern Africa",10.1046/j.1432-1033.2002.03177.x,Parabutoporin,alpha_helical,Opistophtalmus_carinatus,4836,FKLGSFLKKAWKSKLAKKLRAKGKEMLKDYAKGLLEGGSEEVPGQ,99.40,94.42,0.00,0.00,,,,,,,,,,3.1000,1.6000,,6.3000,,,,,,3.1000,,,,,,,,,,,,6.3000,,,,,,,,50.0000,,,,,,,,,25.0000,,,50.0000,,,,,,,,,,,,,,,,,,,,,,,,,
47,Moerman_et_al.,2002,"Antibacterial and antifungal properties of a-helical, cationic peptides in the venom of scorpions from southern Africa",10.1046/j.1432-1033.2002.03177.x,Opistoporins,alpha_helical,Opistophtalmus_carinatus,4870,GKVWDWIKSTAKKLWNSEPVKELKNTALNAAKNLVAEKIGATPS,97.61,94.69,0.00,0.00,,,,,,,,,,12.5000,6.3000,,12.5000,,,,,,25.0000,,,,,,,,,,,,12.5000,,,,,,,,12.5000,,,,,,,,,50.0000,,,50.0000,,,,,,,,,,,,,,,,,,,,,,,,,
48,Lee_et_al.,2004,Antibiotic activity and structural analysis of the scorpion-derived antimicrobial peptide IsCT and its analogs,10.1016/j.bbrc.2004.08.144,IsCT,others,Opisthacanthus_madagascariensis,1503.5,ILGKIWEGIKSLF,99.55,99.66,0.00,0.00,,,,,,,,,,4.0000,,,2.0000,,,,,,,,2.0000,,,,,,,,,,,,,,,,,,,,,,,,,,,,,,,2.0000,,,,,,,,,,,,,,,,,,,,,,,,
48,Lee_et_al.,2004,Antibiotic activity and structural analysis of the scorpion-derived antimicrobial peptide IsCT and its analogs,10.1016/j.bbrc.2004.08.144,_A6__IsCT,others,Opisthacanthus_madagascariensis,1389,ILGKIAEGIKSLF,90.93,89.12,0.00,0.00,,,,,,,,,,64.0000,,,32.0000,,,,,,,,64.0000,,,,,,,,,,,,,,,,,,,,,,,,,,,,,,,64.0000,,,,,,,,,,,,,,,,,,,,,,,,
48,Lee_et_al.,2004,Antibiotic activity and structural analysis of the scorpion-derived antimicrobial peptide IsCT and its analogs,10.1016/j.bbrc.2004.08.144,_L6__IsCT,others,Opisthacanthus_madagascariensis,1430.6,ILGKILEGIKSLF,97.28,94.56,0.00,0.00,,,,,,,,,,16.0000,,,16.0000,,,,,,,,16.0000,,,,,,,,,,,,,,,,,,,,,,,,,,,,,,,32.0000,,,,,,,,,,,,,,,,,,,,,,,,
48,Lee_et_al.,2004,Antibiotic activity and structural analysis of the scorpion-derived antimicrobial peptide IsCT and its analogs,10.1016/j.bbrc.2004.08.144,_K7__IsCT,others,Opisthacanthus_madagascariensis,1502.1,ILGKIWKGIKSLF,99.72,99.83,0.00,0.00,,,,,,,,,,2.0000,,,2.0000,,,,,,,,1.0000,,,,,,,,,,,,,,,,,,,,,,,,,,,,,,,1.0000,,,,,,,,,,,,,,,,,,,,,,,,
48,Lee_et_al.,2004,Antibiotic activity and structural analysis of the scorpion-derived antimicrobial peptide IsCT and its analogs,10.1016/j.bbrc.2004.08.144,_L6_,others,Opisthacanthus_madagascariensis,1470.2,ILGKILKGIKKLF,99.72,99.83,0.00,0.00,,,,,,,,,,2.0000,,,2.0000,,,,,,,,1.0000,,,,,,,,,,,,,,,,,,,,,,,,,,,,,,,1.0000,,,,,,,,,,,,,,,,,,,,,,,,
48,Lee_et_al.,2004,Antibiotic activity and structural analysis of the scorpion-derived antimicrobial peptide IsCT and its analogs,10.1016/j.bbrc.2004.08.144,_K7_,others,K11__IsCT,1583.5,ILGKIWKIKKLF,99.72,99.83,0.00,0.00,,,,,,,,,,2.0000,,,2.0000,,,,,,,,1.0000,,,,,,,,,,,,,,,,,,,,,,,,,,,,,,,1.0000,,,,,,,,,,,,,,,,,,,,,,,,
49,Cao_et_al.,2010,Cloning and functional characterization of a new antimicrobial peptide gene StCT1 from the venom of the scorpion Scorpiops tibetanus,10.1016/j.peptides.2009.10.008,StCT1,others,Scorpiops_tibetanus,1549.2,GKRGLRNLDDLDDLDLDHLFDSDVSDADLRLLKQMFR,50.00,60.94,0.00,0.00,,,,,,,,,,294.1176,,,294.1176,,,,,,,,,,,,,,,,,,294.1176,294.1176,,,,,,,,,,,,,,,,294.1176,,,36.7647,,,,,,,,,,,,,,,,,,,,,,,,,
50,Almaaytah_et_al.,2012,"Antimicrobial cytolytic peptides from the venom of the North African scorpion, Androctonus amoreuxi Biochemical and functional",10.1016/j.peptides.2012.03.016,AamAP1,others,Androctonus_amoreuxi,1931.2,FLFSLIPHAIGGLISAFK,74.50,96.60,0.00,68.00,,,,,,,,,,150.0000,,,,,,,,,,,,,,,,,,,,,,,,,,,,,,,,,,,,,,,,,20.0000,,,,,,,,,,,,,,,,,,,,,64.0000,,,,
50,Almaaytah_et_al.,2012,"Antimicrobial cytolytic peptides from the venom of the North African scorpion, Androctonus amoreuxi Biochemical and functional",10.1016/j.peptides.2012.03.016,AamAP2,others,Androctonus_amoreuxi,1881.1,FPFSLIPHAIGGLISAIK,79.60,91.84,0.00,68.00,,,,,,,,,,120.0000,,,,,,,,,,,,,,,,,,,,,,,,,,,,,,,,,,,,,,,,,48.0000,,,,,,,,,,,,,,,,,,,,,64.0000,,,,
51,Cudic_et_al.,1999,"Chemical synthesis, antibacterial activity and conformation of diptericin, an 82-mer peptide originally isolated from insects",10.1046/j.1432-1327.1999.00894.x,Diptericin,glycine_rich_poly_peptides,,8691.9,DEKPKLILPTPAPPNLPQLVGGGGGNRKDGFGVSVDAHQKVWTSDNGRHSIGVTPGYSQHLGGPYGNSRPDYRIGAGYSYNF,97.26,86.40,0.00,0.00,,,,,,,,20.0000,,0.1500,20.0000,,40.0000,,,,,,,,0.3000,,,,,,,,,,,,,,,,,,,,,,,,,,,80.0000,,,,,,,,,,,,,,,,,,,,,,,,,,,,
51,Cudic_et_al.,1999,"Chemical synthesis, antibacterial activity and conformation of diptericin, an 82-mer peptide originally isolated from insects",10.1046/j.1432-1327.1999.00894.x,Drosocin,proline_rich_peptides,,2196,GKPRPYSPRPTSHPRPIRV,96.26,99.58,0.00,0.00,,,,,,,,10.0000,,5.0000,5.0000,,80.0000,,,,,,,,10.0000,,,,,,,,,,,,,,,,,,,,,,,,,,,2.5000,,,,,,,,,,,,,,,,,,,,,,,,,,,,
51,Cudic_et_al.,1999,"Chemical synthesis, antibacterial activity and conformation of diptericin, an 82-mer peptide originally isolated from insects",10.1046/j.1432-1327.1999.00894.x,Diptericin_N_term_nG,glycine_rich_poly_peptides,,2237.8,DEKPKLILPTPAPPNLPQLVG,93.20,93.20,0.00,0.00,,,,,,,,40.0000,,40.0000,40.0000,,40.0000,,,,,,,,40.0000,,,,,,,,,,,,,,,,,,,,,,,,,,,40.0000,,,,,,,,,,,,,,,,,,,,,,,,,,,,
51,Cudic_et_al.,1999,"Chemical synthesis, antibacterial activity and conformation of diptericin, an 82-mer peptide originally isolated from insects",10.1046/j.1432-1327.1999.00894.x,Diptericin_N_term_G,glycine_rich_poly_peptides,,2607.2,DEKPKLILPTPAPPNLPQLVG,93.20,93.20,0.00,0.00,,,,,,,,40.0000,,40.0000,40.0000,,40.0000,,,,,,,,40.0000,,,,,,,,,,,,,,,,,,,,,,,,,,,40.0000,,,,,,,,,,,,,,,,,,,,,,,,,,,,
51,Cudic_et_al.,1999,"Chemical synthesis, antibacterial activity and conformation of diptericin, an 82-mer peptide originally isolated from insects",10.1046/j.1432-1327.1999.00894.x,Diptericin_C_term_nG,glycine_rich_poly_peptides,,3882.4,RHSIGVTPGYSQHLGGPYGNSRPDYRIGAGYSYNF,93.20,93.20,0.00,0.00,,,,,,,,40.0000,,40.0000,40.0000,,40.0000,,,,,,,,40.0000,,,,,,,,,,,,,,,,,,,,,,,,,,,40.0000,,,,,,,,,,,,,,,,,,,,,,,,,,,,
51,Cudic_et_al.,1999,"Chemical synthesis, antibacterial activity and conformation of diptericin, an 82-mer peptide originally isolated from insects",10.1046/j.1432-1327.1999.00894.x,Diptericin_C_term_G,glycine_rich_poly_peptides,,4419,GRHSIGVTPGYSQHLGGPYGNSRPDYRIGAGYSYNF,93.20,93.20,0.00,0.00,,,,,,,,40.0000,,40.0000,40.0000,,40.0000,,,,,,,,40.0000,,,,,,,,,,,,,,,,,,,,,,,,,,,40.0000,,,,,,,,,,,,,,,,,,,,,,,,,,,,
52,Skosyrev_et_al.,2003,Expression of the recombinant antibacterial peptide sarcotoxin IA in Escherichia coli cells,10.1016/s1046-5928(02)00697-6,Sarcotoxin_1A,glycine_rich_poly_peptides,Sarcophaga_peregrina,4214.4,,99.83,0.00,0.00,0.00,,,,,,,,,,0.5882,,,1.4706,,,,,,,,,,,,,,,,,,,,,,,,,,,,,,,,,,,,,,,,,,,,,,,,,,,,,,,,,,,,,,,
53,Ursic_Bedoya_et_al.,2011,Prolixicin: a novel antimicrobial peptide isolated from Rhodnius prolixus with differential activity against bacteria and Trypanosoma cruzi,10.1111/j.1365-2583.2011.01107.x,Prolixicin,alpha_helical,Rhodnius_prolixus,,KNQGSASVDVQNERGEGTKVDARVRQELWRSDDGRTRAQAYGHWDRTYGGRNHGERSYGGGMRIEHTWGN,97.81,95.75,0.00,0.00,,,,,,,12.5000,,,1.6000,,,,,25.0000,,,,,,,12.5000,,,,,,,,,25.0000,,,,,,,,,,,,,,,,,,,,,25.0000,,,,,,,,,,,,,,,,,,,,,,,,
54,Pei_et_al.,2014,"Cloning, expression, and purification of a new antimicrobial peptide gene from Musca domestica larva",10.1016/j.gene.2014.07.028,MDAP_2,others,Musca_domestica,28000,,99.95,0.00,0.00,0.00,,,,,,,,,,0.2941,,,,,,,,,,,,,,,,,,,,,,,,,,,,,,,,,,,,,,,,,,,,,,,,,,,,,,,,,,,,,,,,,,
55,Matsuyama_and_Natori,1988,"Purification of Three Antibacterial Proteins from the Culture Medium of NIH-Sape-4, an Embryonic Cell Line of Sarcophaga peregrina",,Sapecin,others,Sarcophaga_peregrina,,,61.00,92.47,0.00,0.00,,,,,,,,,,229.4118,,,,,,,,,,,,,,,,,,,,,114.7059,,,,,,,,,,,,,,,,,3.5294,,,14.7059,,,,,,,,,,,,,,,,,,,,,,,,,
55,Matsuyama_and_Natori,1988,"Purification of Three Antibacterial Proteins from the Culture Medium of NIH-Sape-4, an Embryonic Cell Line of Sarcophaga peregrina",,CM_II_protein,others,Sarcophaga_peregrina,,GWLKKIGKKIERVGQHTRDATIQGLGIAQQAANVAATAR,96.85,50.00,0.00,0.00,,,,,,,,,,18.5294,,,,,,,,,,,,,,,,,,,,,294.1176,,,,,,,,,,,,,,,,,294.1176,,,294.1176,,,,,,,,,,,,,,,,,,,,,,,,,
